Rank,Industry,Sector,RS,1 M_RS,3M_RS,6M_RS,Ticker
1,Discount Stores,Retail Trade,98,1,92,94,SPICELOUNG.BO
2,Insurance Brokers/Services,Finance,98,0,96,98,RRFIN.BO
3,Computer Communications,Electronic Technology,81,80,87,66,KERNEX.NS
4,Wireless Telecommunications,Communications,80,59,81,67,"BHARTIARTL.NS,BHARTIHEXA.NS,AIRTELPP.BO"
5,Catalog/Specialty Distribution,Retail Trade,77,47,90,77,ETHOSLTD.NS
6,Real Estate Investment Trusts,Finance,77,62,74,77,"FUNDVISER.BO,MINDSPACE.BO,KRT.BO,EMBASSY.BO,BIRET.BO,INDUSINVIT.BO"
7,Major Banks,Finance,74,48,79,70,"RBLBANK.NS,CANBK.NS,SOUTHBANK.NS,FEDERALBNK.NS,INDIANB.NS,CSBBANK.NS,BANKINDIA.NS,BANKBARODA.NS,IDBI.NS,PNB.NS,UNIONBANK.NS,INDUSINDBK.NS,AXISBANK.NS,KOTAKBANK.NS,HDFCBANK.NS,MAHABANK.NS,BANDHANBNK.NS,CENTRALBK.NS,IOB.NS"
8,Motor Vehicles,Consumer Durables,74,68,58,71,"ZELIO.BO,ATHERENERG.NS,FORCEMOT.NS,SEVL.BO,ATLASCYCLE.NS,TVSMOTOR.NS,HEROMOTOCO.NS,MARUTI.NS,EICHERMOT.NS,TMCV.NS,SMLMAH.NS,SANDHAR.NS,M&M.NS,HYUNDAI.NS,TMPV.NS,OLECTRA.NS,ATULAUTO.NS,OLAELEC.NS"
9,Life/Health Insurance,Finance,73,56,71,63,"CANHLIFE.NS,MFSL.NS,SBILIFE.NS,BAJAJFINSV.NS,ICICIPRULI.NS,STARHEALTH.NS,LICI.NS,NIVABUPA.NS"
10,Computer Peripherals,Electronic Technology,71,41,50,75,"NETWEB.NS,PANACHE.NS,INDTONER.BO,CONTROLPR.NS"
11,Financial Publishing/Services,Commercial Services,70,76,68,48,"CARERATING.NS,ICRA.NS"
12,Savings Banks,Finance,68,35,32,0,NSDL.BO
13,Drugstore Chains,Retail Trade,67,76,76,50,MEDPLUS.NS
14,Biotechnology,Health Technology,66,64,59,69,"TITANBIO.BO,FABTECH.NS,FERMENTA.BO,RUBICON.NS,HALEOSLABS.NS,ANTHEM.NS,AKUMS.NS"
15,Oil Refining/Marketing,Energy Minerals,65,51,69,61,"CHENNPETRO.NS,BPCL.NS,HINDPETRO.NS,RELIANCE.NS,MRPL.NS,OIL.NS,VEEDOL.NS,CONTPTR.BO,GULFOILLUB.NS,ONGC.NS,CASTROLIND.NS,GULFPETRO.NS"
16,Aluminum,Non-Energy Minerals,65,59,65,71,"ARFIN.NS,NATIONALUM.NS,MAANALU.NS,VEDL.NS,HRS.BO,MAITRI.BO,SUDAI.BO,ORIENTCER.NS,ALUFLUOR.BO,HINDALUMI.BO,EUROBOND.NS,NIRAVCOM.BO,SAMPAT.BO,SPINAROO.BO"
17,Consumer Sundries,Consumer Non-Durables,64,54,58,63,"GPSL.BO,BIL.NS,WELSPUNLIV.NS,RADIXIND.BO,LINC.NS"
18,Hospital/Nursing Management,Health Services,64,36,59,67,"ASARFI.BO,SHARMEH.BO,CMMHOSP.BO,HCG.NS,FORTIS.NS,YATHARTH.NS,KMCSHIL.BO,NH.NS,ASTERDM.NS,SHANMUGA.BO,ARTEMISMED.NS,INDRAMEDCO.NS,PARKHOSPS.NS,APOLLOHOSP.NS,KOVAI.BO,MEDANTA.NS,KKSHL.BO,KIMS.NS,RAINBOW.NS,MAXHEALTH.NS,JLHL.NS,FORTISMLR.BO,SHALBY.NS,GPTHEALTH.NS,NGIND.BO,AASHKA.BO"
19,Marine Shipping,Transportation,63,63,77,73,"PPARIVAH.BO,DREDGECORP.NS,GPPL.NS,COASTCORP.NS,GESHIP.NS,GLOTTIS.NS,TRANSWORLD.NS"
20,Regional Banks,Finance,63,40,73,62,"CUB.NS,AUBANK.NS,DCBBANK.NS,UJJIVANSFB.NS,IDFCFIRSTB.NS,KARURVYSYA.NS,SBIN.NS,TMB.NS,KTKBANK.NS,SURYODAY.NS,EQUITASBNK.NS,ICICIBANK.NS,J&KBANK.NS,JAGSONSER.BO,JSFB.NS,FINOPB.NS,CAPITALSFB.NS,EMERALD.BO,DAMCAPITAL.NS,MONEYBOXX.NS,MUNOTHFI.BO,CMBL.BO"
21,Multi-Line Insurance,Finance,62,46,60,60,"ABCAPITAL.NS,HDFCLIFE.NS,GODIGIT.NS,RELIGARE.NS,NIACL.NS"
22,Office Equipment/Supplies,Producer Manufacturing,62,46,63,62,"EUROPRATIK.NS,FLAIR.NS,NAVNETEDUL.NS,MOHITPPR.BO,DOMS.NS,WSTCSTPAPR.NS,RDEL.BO"
23,Medical Distributors,Distribution Services,61,63,57,68,"CHECKPOINT.BO,APPL.BO,EVERESTO.BO,GUJINJEC.BO,RAMAVISION.BO,VIVOBIOT.BO,ROYAL.BO,ENTERO.NS,APL.BO"
24,Auto Parts: Oem,Producer Manufacturing,60,56,54,62,"LUMAXTECH.NS,LUMAXIND.NS,BHARATSE.NS,RICOAUTO.NS,BELRISE.NS,GABRIEL.NS,SJS.NS,KINETICENG.BO,SHRIPISTON.NS,FIEMIND.NS,JAMNAAUTO.NS,JAYUSH.BO,TVSHLTD.NS,CUMMINSIND.NS,UNIPARTS.NS,PRICOLLTD.NS,EMMFORCE.BO,RACLGEAR.NS,SANSERA.NS,CARRARO.NS,WHEELS.NS,ZFCVINDIA.NS,MOTHERSON.NS,MACPLASQ.BO,UNOMINDA.NS,ESCORTS.NS,MSUMI.NS,MINDACORP.NS,VARROC.NS,HIMTEK.BO,PORWAL.BO,BOSCHLTD.NS,AUTOAXLES.NS,NRBBEARING.NS,INDNIPPON.NS,SUPRAJIT.NS,SONACOMS.NS,ASKAUTOLTD.NS,TENNIND.NS,BIMETAL.BO,DIVGIITTS.NS,SAMKRG.BO,AUTOIND.NS,PPAP.NS,SNL.BO,KROSS.NS,MUNJALSHOW.NS,KALYANIFRG.NS,HITECHGEAR.NS,RML.NS,ALICON.NS,ACGL.BO,SKFINDUS.NS,ENKEIWHEL.BO,OMAXAUTO.NS,EXIDEIND.NS,GNA.NS,JBMA.NS,GSAUTO.BO,REMSONSIND.NS,SUNDRMFAST.NS,SWARAJENG.NS,JAGANLAM.BO,NDRAUTO.NS,SHANTIGEAR.NS,MENNPIS.BO,MUNJALAU.NS,CIEINDIA.NS,HINDCOMPOS.NS,SHARDAMOTR.NS,SSWL.NS,ISTLTD.BO,KRANTI.BO,JMA.NS,SUNDRMBRAK.NS,ASAL.NS,RANEHOLDIN.NS,IGARASHI.NS,SALAUTO.BO,SINTERCOM.NS,PRECAM.NS,UCAL.NS,RASANDIK.BO,ZFSTEERING.BO,SUNCLAY.NS"
25,Other Metals/Minerals,Non-Energy Minerals,60,67,58,58,"PARMESHWAR.BO,ASHAPURMIN.NS,POCL.NS,HINDCOPPER.NS,IMFA.NS,SANDUMA.NS,RAPICUT.BO,HINDZINC.NS,JAINREC.NS,HINDALCO.NS,NMDC.NS,SERA.BO,MCL.NS,GRAVITA.NS,CHROME.BO,SHARVAYA.BO,INDSILHYD.BO,MOIL.NS,NILE.BO,VIDYAWIRES.NS,CUBEXTUB.NS,MMP.NS,COCHINM.BO,KRUPALU.BO,MAITHANALL.NS,KACHCHH.BO,MIDHANI.NS,SBCL.NS,NRL.NS,ZODJRDMKJ.BO,SOUTHMG.BO,SIYARAM.BO"
26,Other Consumer Specialties,Consumer Durables,59,58,63,68,"BGJL.BO,THANGAMAYL.NS,RETAGGIO.BO,TIMEX.BO,SILGO.NS,SHRINGARMS.NS,SKRABUL.BO,TITAN.NS,RAJESHEXPO.NS,NARBADA.BO,GOLKUNDIA.BO,DEVLAB.BO,SKYGOLD.NS,VIPIND.NS,BANARBEADS.NS,SAFARI.NS,LGHL.NS,RBZJEWEL.NS,VAIBHAVGBL.NS,UDAYJEW.BO,RGL.NS,GOLDIAM.NS,AJCJEWEL.BO,SWARNSAR.BO,SENCO.NS,RADHIKAJWE.NS,KDDL.NS,SHANTIGOLD.NS,SONAMLTD.NS,TBZ.NS,KOURA.BO,SHOORA.BO,LUXURY.BO"
27,Investment Trusts/Mutual Funds,Miscellaneous,59,56,54,60,"GROWW.NS,CUBEINVIT.BO,ENERGYINF.BO,ANANTAM.BO,SUMMITSEC.NS,JINDCAP.BO"
28,Electronic Equipment/Instruments,Electronic Technology,58,40,53,52,"WAAREEINDO.NS,CNCRD.BO,APLABPP.BO,SHRADDHA.BO,APLAB.BO,POWERINDIA.NS,APARINDS.NS,TVSELECT.NS,JGTL.BO,WEL.NS,GENUSPOWER.NS,HONAUT.NS,HINDHARD.BO,NAGPI.BO,HPL.NS,NITIRAJ.NS,DENORA.NS,SPECTRUM.NS"
29,Specialty Insurance,Finance,58,45,76,58,"ICICIGI.NS,GICRE.NS"
30,Finance/Rental/Leasing,Finance,57,54,59,56,"FYNX.BO,HARAFIN.BO,KINETRU.BO,LTF.NS,RELICTEC.BO,TRUSTEDGE.BO,SHRIRAMFIN.NS,TFCILTD.NS,MUTHOOTFIN.NS,IIFL.NS,M&MFIN.NS,PAYTM.NS,MUFIN.NS,CLFL.BO,GRANDOAK.BO,MANAPPURAM.NS,CANFINHOME.NS,PURPLEFIN.BO,FEDFINA.NS,PIRAMALFIN.NS,AASTAFIN.BO,FMEC.BO,POONAWALLA.NS,INDUSTOWER.NS,CREDITACC.NS,VLL.BO,KREONFIN.BO,MUTHOOTMF.NS,SUJALA.BO,SSFLPP.BO,CHOLAFIN.NS,BAJFINANCE.NS,TARACHAND.NS,SONAL.BO,MTPL.BO,MASFIN.NS,SANGHVIMOV.NS,SUNDARMFIN.NS,INTRGLB.BO,JLL.BO,MANSIFIN.BO,NORTHARC.NS,CHOLAHLDNG.NS,SBFC.NS,IFINSEC.BO,PNBHOUSING.NS,AADHARHFC.NS,SAMMAANCAP.NS,TATACAP.NS,REPCOHOME.NS,JJFINCOR.BO,INDIAHOME.BO,SBICARD.NS,CIFL.NS,TFSL.BO,ARMANFIN.NS,SAHARAHOUS.BO,BAZELINTER.BO,INDIASHLTR.NS,SPANDANA.NS,CGCL.NS,INDBNK.BO,GICHSGFIN.NS,MANBA.NS,MANCREDIT.NS,RAJKOTINV.BO,SATIN.NS,IFCI.NS,HUDCO.NS,HOMEFIRST.NS,UGROCAP.NS,RTFL.BO,STARTECK.NS,MUTHOOTCAP.NS,ACME.BO,ABHICAP.BO,MAHAPEXLTD.NS,HDBFS.NS,LICHSGFIN.NS,NIYOGIN.BO,MASKINVEST.NS,KIFS.BO,IRFC.NS,FINKURVE.NS,PAISALO.NS,PFS.NS,APTUS.NS,SRGHFL.NS,FUSION.NS,THACKER.BO,PARAGONF.BO,HARYNACAP.BO,FIVESTAR.NS,LAXMIINDIA.NS,AAVAS.NS,RECLTD.NS,SAINIK.BO,SALEM.BO,INDOSTAR.NS,PFC.NS,IREDA.NS,SAHLIBHFI.BO,ADMANUM.BO,NLFL.BO,ICDSLTD.NS,BAJAJHFL.NS,CEEJAY.BO,AVAILFC.BO,DHRUVCA.BO,ABIRAFN.BO,SAKTHIFIN.BO,CROWN.NS,ECOSMOBLTY.NS,APOLLOFI.BO,PRITHVIEXCH.BO,NDGL.NS,MKVENTURES.BO,JAFINANCE.BO,SRSOLTD.BO,KEYCORP.BO,AUTOINT.BO,GDLLEAS.BO"
31,Investment Managers,Finance,57,55,57,52,"SPACAPS.BO,ESCORP.BO,ANANDRATHI.NS,MIIL.BO,JPOLYINVST.NS,NUVAMA.NS,360ONE.NS,HDFCAMC.NS,LADDERUP.BO,CGFL.BO,ICICIAMC.NS,CRAMC.NS,CREST.NS,PRUDENT.NS,BLAL.NS,PHOTON.BO,EMKAY.NS,STANROS.BO,VHL.NS,AFSL.NS,CORALFINAC.NS,UTIAMC.NS,NAHARCAP.NS,MEDIASSIST.NS,SRAMSET.BO,VGCL.BO,CMSINFO.NS,WEALTH.NS,VEDANTASSET.BO"
32,Data Processing Services,Technology Services,57,66,60,60,"GHVINFRA.BO,RELIABLE.NS,TECHNVISN.BO,LTIM.NS,OLATECH.BO,TAKYON.BO,HGM.NS,IRIS.NS,BLS.NS,HAPPSTMNDS.NS,ACESOFT.BO"
33,Automotive Aftermarket,Consumer Durables,56,52,53,65,"JKTYRE.NS,MODIRUBBER.NS,TVSSRICHAK.NS,CEATLTD.NS,MRF.NS,APOLLOTYRE.NS,JTEKTINDIA.NS,BALKRISIND.NS,GOODYEAR.BO,TRITONV.BO,DOLFIN.BO,BENGALASM.BO,TOLINS.NS,KRYPTONQ.BO"
34,Cable/Satellite Tv,Consumer Services,56,42,62,60,"NDLVENTURE.NS,DEN.NS"
35,Medical Specialties,Health Technology,56,53,48,55,"HSIL.BO,SHREEPAC.BO,CHOKSI.BO,AMKAY.BO,EARKART.BO,NURECA.NS,LENSKART.NS,PREVEST.BO,CSURGSU.BO,SGLTL.NS,POLYMED.NS,VOEPL.BO,MICEL.NS,GKB.BO"
36,Other Consumer Services,Consumer Services,55,53,48,49,"TRADWIN.BO,YATRA.NS,LGT.BO,YAANENT.BO,IRONWOOD.BO,HELLOJI.BO,VJTFEDU.BO,JETKINGQ.BO,EASTRED.BO,IRCTC.NS,BOMBCYC.BO,MHRIL.NS,THOMASCOOK.NS,EVANS.BO,ITHL.BO,CPCAP.NS"
37,Beverages: Alcoholic,Consumer Non-Durables,55,42,60,57,"IFBAGRO.NS,GMBREW.NS,ABDL.NS,TI.NS,RADICO.NS,UNITDSPR.NS,GLOBUSSPR.NS,ASALCBR.NS,UBL.NS,SDBL.NS,NSL.BO,JAGAJITIND.BO,SILVOAK.BO"
38,Investment Banks/Brokers,Finance,54,50,55,54,"REGAL.BO,LKPFIN.BO,NIDHGRN.BO,MARUTISE.BO,INDOTHAI.NS,SARTHAKGL.BO,PIONRINV.BO,RAMSONS.BO,MCX.NS,ARYACAPM.BO,PHCAP.BO,ARSSBL.NS,WELINV.NS,MYMONEY.BO,GOWRALE.BO,BSE.NS,SMCGLOBAL.NS,ARUNIS.BO,AKCAPIT.BO,ASSAMENT.BO,KEYFINSERV.NS,GCSL.NS,VLSFINANCE.NS,SPCAPIT.BO,PESB.BO,FRUTION.BO,AUSOMENT.NS,INDUSFINL.BO,IIFLCAPS.NS,ARYAMAN.BO,PRIMESECU.NS,CHRTEDCA.BO,SYSTMTXC.NS,ASITCFIN.BO,TRILIANCE.BO,JSWHL.NS,RFSL.BO,CSLFINANCE.NS,JMFINANCIL.NS,SGFIN.NS,TITANSEC.BO,SODFC.BO,USHAKIRA.BO,MEAPL.BO,ALGOQUANT.BO,ANGELONE.NS,NEXOME.BO,MUNCAPM.BO,INDBANK.NS,ARIHANTCAP.NS,DSINVEST.BO,SHAREINDIA.NS,CDSL.NS,TATAINVEST.NS,CILSEC.BO,EDELWEISS.NS,JHACC.BO,JOINDRE.BO,MEHIF.BO,RAPIDIN.BO,BERVINL.BO,MODRNSH.BO,SKPSEC.BO,GEOJITFSL.NS,SITAENT.BO,DOLATALGO.NS,NDASEC.BO,REGENCY.BO,KIRANVYPAR.BO,MONARCH.NS,UCIL.BO,5PAISA.NS,INDPRUD.BO,DHANCOT.BO,PURSHOTTAM.BO,TAMBOLIIN.BO,IEX.NS,HBSL.NS,GAMCO.BO,VISTARAMAR.BO,SODHACAP.BO,GSBFIN.BO,STEELCITY.NS,SAUMYA.BO,PNBGILTS.NS,21STCENMGM.NS,MASTERTR.NS,MUKESHB.BO,NAM.BO,DAULAT.BO,THEINVEST.NS,QUESTCAP.BO,BIRLAMONEY.NS,SUMEDHA.BO,SAICAPI.BO,KJMCCORP.BO,RIKHAV.BO,ALSL.BO,GAJANANSEC.BO,ABHIFIN.BO,ELIXIR.BO,HBPOR.BO,1STCUS.BO,WALLFORT.BO,SHARDUL.BO,KJMCFIN.BO,AARNAV.BO,SWASTIKA.BO,UPSURGE.BO,STELLANT.BO"
39,Internet Software/Services,Technology Services,53,45,53,56,"CARTRADE.NS,IXIGO.NS,SAFE.BO,TBOTEK.NS,BLSE.NS,POLICYBZR.NS,MOTILALOFS.NS,ABSLAMC.NS,ETERNAL.NS,MATRIMONY.NS,NAUKRI.NS,CRIZAC.NS,PWL.NS,CRISIL.NS,INFONATIVE.BO,JUSTDIAL.NS,JARO.NS,TRACXN.NS,ODIGMA.NS"
40,Information Technology Services,Technology Services,53,50,55,55,"TAKE.NS,SESHACHAL.BO,MEGASOFT.NS,SANCODE.BO,OCTAWARE.BO,CURAA.NS,OMEGAIN.BO,ASMTEC.BO,TERASOFT.NS,SATTRIX.BO,RAMCOSYS.NS,PVP.NS,ATISHAY.BO,ANKIN.BO,XELPMOC.NS,PERSISTENT.NS,AAATECH.NS,TREJHARA.NS,BBOX.NS,INFORTEC.BO,TECHM.NS,HCLTECH.NS,CIGNITITEC.NS,ARIGATO.BO,INFY.NS,SAKSOFT.NS,COFORGE.NS,WIPRO.NS,UNIFIED.BO,INTENTECH.NS,ATHENAGLO.BO,IVALUE.NS,SASKEN.NS,TCS.NS,RSYSTEMS.NS,STLTECH.NS,SECMARK.NS,XTGLOBAL.NS,CAMS.NS,UNITEDINT.BO,NUCLEUS.NS,INSPIRISYS.NS,EXPLEOSOL.NS,SOFTSOL.BO,TATAELXSI.NS,ORIENTTECH.NS,EBGNG.NS,ONWARDTEC.NS,7TEC.BO,DCM.NS,DSSL.NS,MINDTECK.NS,METHODHUB.BO,MASTEK.NS,XCHANGING.NS,CYBERTECH.NS,SONATSOFTW.NS,DEVIT.NS,TANLA.NS,CTE.NS,MEGRISOFT.BO,AURIONPRO.NS,LOKESHMACH.NS,ZENTEC.NS,GOLDTECH.NS,EUPHORIAIT.BO,CGVAK.BO,ADSL.NS,TRIGYN.NS,PROTEAN.NS,EDVENSWA.BO,E2E.NS,INDAGIV.BO,VEDAVAAG.BO,CNINFOTECH.BO,METAINFO.BO,COVANCE.BO"
41,Food: Major Diversified,Consumer Non-Durables,53,59,57,55,"APIS.BO,SVJ.BO,IBINFO.BO,LYKISLTD.BO,NESTLEIND.NS,TIGLOB.BO,ZYDUSWELL.NS,JAMESWARREN.BO,BENGALT.BO,BBTC.NS,NEAGI.BO,GROBTEA.NS,SANSTAR.NS,CHORDIA.BO,AVEER.BO,GILLANDERS.NS,DVL.NS,SSMD.BO,TERAI.BO,BCLIND.NS,UNIQUEO.BO"
42,Medical/Nursing Services,Health Services,52,39,55,66,"LOTUSEYE.NS,JSTL.BO,THYROCARE.NS,AGARWALEYE.NS,DRAGARWQ.BO,NEPHROPLUS.NS,METROPOLIS.NS,VIJAYA.NS,ASPIRA.BO,LALPATHLAB.NS,KRSNAA.NS,MAXIND.NS,SURAKSHA.NS,JSLL.NS,CTLLAB.BO,STARIMAGIN.BO,LAXMIDENTL.NS"
43,Food: Meat/Fish/Dairy,Consumer Non-Durables,52,52,56,50,"PARAGMILK.NS,APEX.NS,SCPL.NS,HATSUN.NS,HERITGFOOD.NS,DODLA.NS,CHATHA.BO,MODAIRY.BO,JFL.BO"
44,Beverages: Non-Alcoholic,Consumer Non-Durables,51,37,53,42,"VALENCIA.BO,VBL.NS,ORIBEVER.BO"
45,Chemicals: Agricultural,Process Industries,51,52,39,43,"KRISHANA.NS,MAHALIFE.BO,RAMAPHO.NS,NACLIND.NS,JUBLCPL.NS,ZUARI.NS,BHASKAGR.BO,MBAPL.NS,UPL.NS,PARADEEP.NS,ADVANCE.NS,PUNJABCHEM.NS,EIDPARRY.NS,KOTIC.BO,BESTAGRO.NS,TEEAI.BO,AGROPHOS.NS,ARIES.NS,FACT.NS,KHAICHEM.NS,INSECTICID.NS,PHOSPHATE.BO,RCF.NS,3BBLACKBIO.BO,RALLIS.NS,ATUL.NS,SPIC.NS,IPL.NS,BHARATRAS.NS,DEEPAKFERT.NS,NFL.NS,GSFC.NS,MADRASFERT.NS,KEMISTAR.BO,ASTEC.NS,DHARMAJ.NS,BAYERCROP.NS,SUMICHEM.NS,HERANBA.NS,BSHSL.NS,EXCELINDUS.NS,TATACHEM.NS,BHAGCHEM.NS,BHARATAGRI.BO,IGCL.NS,NOVAAGRI.NS,MACIND.BO,EPIGRAL.NS,SHIVALIK.NS,AIMCOPEST.BO"
46,Air Freight/Couriers,Transportation,51,54,46,49,"CARGOTRANS.BO,SUNSKY.BO,RAPID.BO,SVLL.NS,OMFREIGHT.NS,DELHIVERY.NS,WCIL.NS,SCI.NS,TOTAL.NS,AEGISVOPAK.NS,MAHLOG.NS,FORINTL.BO,GBLOGISTIC.BO,DHILLON.BO,SWIGGY.NS,BLUEDART.NS,MAHESHWARI.NS,FLOMIC.BO,ASPINWALL.NS,ABCINDQ.BO,TCIEXP.NS,TVSSCS.NS,TIGERLOGS.NS,AVG.NS,PSPL.BO"
47,Electronics/Appliance Stores,Retail Trade,51,36,47,57,"AVL.NS,LOGICA.BO,ROBU.BO,UML.BO,EMIL.NS"
48,Food Distributors,Distribution Services,51,48,57,56,"JETMALL.BO,HALDER.BO,PURETROP.BO,NMSRESRC.BO,STCINDIA.NS,MONIKA.BO,EMPIND.BO,TANVI.BO,MRP.BO,FRATELLI.BO,STANBIK.BO"
49,Steel,Non-Energy Minerals,51,55,48,52,"RSTL.BO,MAHASTEEL.NS,IMEC.BO,TNSTLTU.BO,RAJTUBE.BO,SALSTEEL.NS,JAYNECOIND.NS,MPKSTEELS.BO,NCML.BO,MWL.NS,BGWTATO.BO,KANSHST.BO,VISASTEEL.NS,PANCHMAHQ.BO,MAIDEN.BO,MANAKSTEEL.NS,VASWANI.NS,REMIEDEL.BO,COCKERILL.BO,GPIL.NS,VSSL.NS,MANAKCOAT.NS,APLAPOLLO.NS,SHAHALLOYS.NS,GALLANTT.NS,KIOCL.NS,JSL.NS,CREATIVE.BO,MSPL.NS,SGIL.NS,TATASTEEL.NS,MUKANDLTD.NS,LLOYDSME.NS,GOODLUCK.NS,SAIL.NS,WELSPLSOL.BO,BLOIN.BO,SARDAEN.NS,JSWSTEEL.NS,JINDALSTEL.NS,TALBROSENG.BO,STEELCAS.NS,AZADIND.BO,VRUDDHI.BO,SHBAJRG.BO,NSLNISP.NS,SUNFLAG.NS,GUJINTRX.BO,RATNAVEER.NS,SCODATUBES.NS,SAMBHV.NS,GANDHITUBE.NS,RISHDIGA.BO,SURYAROSNI.NS,METALCO.BO,PENIND.NS,INCREDIBLE.NS,KVSCASTING.BO,NEETUYOSHI.BO,ORISSAMINE.NS,CHENFERRO.BO,SCANSTL.BO,MANAKSIA.NS,RATNAMANI.NS,BEEKAY.BO,NELCAST.NS,KSL.NS,VENUSPIPES.NS,COSMICCRF.BO,ELECTHERM.NS,UNIAUTO.BO,HISARMETAL.NS,PRAKASH.NS,KIRLOSIND.NS,BANSALWIRE.NS,MAHSEAMLES.NS,TIINDIA.NS,NITINCAST.BO,GEEKAYWIRE.NS,BMW.BO,KIRLFER.BO,VSTL.NS,NATGENI.BO,HARIOMPIPE.NS,HITECH.NS,JTLIND.NS,SUPERIRON.BO,VRAJ.NS,BEDMUTHA.NS,SMLT.NS,GARGFUR.BO,TULSYAN.BO,ELECTCAST.NS,JINDALSAW.NS,SURAJLTD.NS,SHRDAIS.BO,SURAJ.BO,VMSTMT.NS,JAIBALAJI.NS,MITTALSTL.BO"
50,Telecommunications Equipment,Electronic Technology,51,53,30,52,"VALIANT.BO,ROSSTECH.NS,KAVDEFENCE.NS,PRECISIO.BO,PUNJCOMMU.BO,ADCINDIA.BO,ASTRAMICRO.NS,AVANTEL.NS,DCI.NS,DLINKINDIA.NS,SMARTLINK.NS,HFCL.NS,SALORAINTL.BO,BPL.NS,TEJASNET.NS"
51,Aerospace & Defense,Electronic Technology,51,34,41,32,"MTARTECH.NS,BEL.NS,SIKA.BO,BDL.NS,HAL.NS,PARAS.NS,IDEAFORGE.NS,AEQUS.NS,TANAA.BO,ROSSELLIND.NS,DRONACHRYA.BO"
52,Alternative Power Generation,Utilities,50,45,50,45,"INOXGREEN.NS,RELTD.NS,WAAREERTL.NS,SUGSLLOYD.BO,POWERGRID.NS,KPIGREEN.NS,NTPCGREEN.NS,RPOWER.NS,KPEL.NS"
53,Electronic Components,Electronic Technology,50,55,38,60,"UNIVCABLES.NS,BCCFUBA.BO,IIL.BO,HEG.NS,CENTUM.NS,FINELINE.BO,ELPROINTL.BO,INCAP.BO,MEIL.NS,PANELEC.BO,GUJARATPOLY.BO"
54,Construction Materials,Non-Energy Minerals,50,51,43,51,"SRICC.BO,SOBME.BO,MIDWESTLTD.NS,INDIACEM.NS,SHIVAM.BO,SHREDIGCEM.NS,RAMCOIND.NS,RAMCOCEM.NS,GRASIM.NS,RALEGRA.BO,JKCEMENT.NS,ARENTERP.NS,BIGBLOC.NS,ULTRACEMCO.NS,SANGHIIND.NS,MANGLMCEM.NS,BVCL.NS,SKCIL.BO,NUVOCO.NS,AMBUJACEM.NS,STARCEMENT.NS,VESUVIUS.NS,JKLAKSHMI.NS,NCLIND.NS,SAHYADRI.NS,NILACHAL.BO,ACL.NS,NEXXUS.BO,GSLSU.NS,PRSMJOHNSN.NS,ACC.NS,DECCANCE.NS,SHREECEM.NS,APCL.NS,SAGCEM.NS,BIRLACORPN.NS,MADHAV.NS,KEERTHI.BO,ASSOCER.BO,HEIDELBERG.NS,SAURASHCEM.NS,DIVSHKT.BO,PANCM.BO,KAKATCEM.NS,HPAL.NS,JSWCEMENT.NS,AROGRANITE.NS,SRECR.BO,PACIFICI.BO,ZWELCAST.BO,ORIENTCEM.NS,INDOBELL.BO"
55,Metal Fabrication,Producer Manufacturing,50,52,52,48,"SYNTHFO.BO,DECANBRG.BO,SIMPLEXCAS.BO,KVFORGE.BO,GALAGEX.BO,PTCIL.NS,TEMBO.NS,RAJRATAN.NS,FRONTSP.BO,USHAMART.NS,BHARATFORG.NS,HAPPYFORGE.NS,PRADPME.BO,INVPRECQ.BO,SHIVAUM.NS,AMIC.BO,UNIABEXAL.BO,ENDURANCE.NS,AZAD.NS,SHREMETAL.BO,NATFIT.BO,SCHAEFFLER.NS,MMFL.NS,BHARATWIRE.NS,SHYAMMETL.NS,SYSTEMATIC.BO,JYOTICNC.NS,AEL.BO,KARBON.BO,ALPHAIND.BO,SWASTIKAAL.BO,HARSHA.NS,KENNAMET.BO,SIMMOND.BO,GALAPREC.NS,MAGNAELQ.BO,MENONBE.NS,CTCL.BO,ROLEXRINGS.NS,BOMBWIR.BO,BANGANGA.BO,TIIL.NS,KPGEL.BO,AUSTENG.BO,DPWIRES.NS,SKIPPER.NS,DELTAMAGNT.NS,STAL.BO,VISHALBL.BO,RELICAB.BO,STERTOOLS.NS,RKFORGE.NS,AUTOPINS.BO,HILTON.NS,ROLCOEN.BO,COSMOFE.BO,GALXBRG.BO,SKFINDIA.NS"
56,Miscellaneous Manufacturing,Producer Manufacturing,49,45,51,48,"GENESIS.BO,PANKAJPO.BO,APTPACK.BO,ORICONENT.NS,AMEENJI.BO,POLYCON.BO,KKPLASTICK.BO,SIZEMASTER.BO,KANPRPLA.NS,GUJRAFFIA.NS,SAMPANN.NS,CPL.BO,INTLCONV.NS,DALBHARAT.NS,ALKOSIGN.BO,ADOR.NS,MORGANITE.BO,IIRM.BO,BDI.BO,MALPANI.BO,KAKA.BO,HAWKINCOOK.BO,MITSU.BO,PYRAMID.NS,ALFAICA.BO,DHPIND.BO,ALLTIME.NS,ASTRAL.NS,RHIM.NS,MOLDTKPAC.NS,DHABRIYA.BO,INDAG.BO,NATPLAS.BO,AMDIND.NS,VAMSHIRU.BO,TOKYOPLAST.NS,PIXTRANS.NS,HITECHCORP.NS,ASHISHPO.BO,TEXMOPIPES.NS,GARFIBRES.NS,SONALAD.BO,DUTRON.BO,FINPIPE.NS,SOMICONVEY.NS,SUPREMEIND.NS,BOROLTD.NS,APOLLOPIPE.NS,FLUIDOM.BO,NIRAJISPAT.NS,GRPLTD.NS,ELGIRUBCO.NS,PPL.NS,KRITI.NS,AIKPIPES.BO"
57,Airlines,Transportation,49,34,58,37,"AFCOM.BO,INDIGO.NS,TAALENT.BO,SPICEJET.BO"
58,Food: Specialty/Candy,Consumer Non-Durables,49,50,52,47,"NORBTEAEXP.NS,OVOBELE.BO,TRANSFD.BO,GPAPL.BO,OCEANIC.BO,MNFL.BO,CCL.NS,MCLEODRUSS.NS,EIFFL.NS,ABRFL.BO,DIAMONDYD.NS,TATACONSUM.NS,BRITANNIA.NS,GAEL.NS,VADILENT.BO,MANORAMA.NS,NAPL.BO,BIKAJI.NS,NITTAGELA.BO,VANDU.BO,VADILALIND.NS,SHAWGELTIN.BO,UNITEDTEA.NS,VASUPRADA.BO,AVTNPL.NS,TIRUSTA.BO,NGIL.NS,ADVENZYMES.NS,HNDFDS.NS,GOPAL.NS,FLEXFO.BO,IWP.BO,MAWANASUG.NS,UNIVSTAR.BO,SONALIS.BO,ORKLAINDIA.NS,SUKHJITS.NS,RAVALSUGAR.BO,GULPOLY.NS,PALASHSECU.NS,TASTYBITE.NS,ADFFOODS.NS,BECTORFOOD.NS,DYNPRO.NS,BAMBINO.BO,VIDHIING.NS,YASHO.NS,KFBL.BO,MLKFOOD.BO,FOODSIN.NS,VANDAN.BO,LOTUSCHO.BO,SHRIGANG.BO,AMBOAGRI.BO,PAJSON.BO"
59,Real Estate Development,Finance,49,49,50,48,"RRECL.BO,SAFFRON.BO,MNIL.BO,YURANUS.BO,KESAR.BO,GARNET.BO,RATNABHUMI.BO,PROZONER.NS,YOGI.BO,AGIIL.NS,RAP.BO,ARIHANT.BO,TRADEWELL.BO,IITLPROJ.BO,PHOENIXLTD.NS,ELDEHSG.NS,RDBIPL.BO,GYANDEV.BO,NXST.BO,NIMBSPROJ.BO,ASTALLTD.BO,GROVY.BO,SVGLOBAL.BO,MAHLIFE.NS,SWAGTAM.BO,NUKLEUS.BO,NEOINFRA.BO,PRESTIGE.NS,TULIVE.BO,SBLI.BO,SHERVANI.BO,SOBHA.NS,NIRLON.BO,PTL.NS,SIGNATURE.NS,RAJABAH.BO,HUBTOWN.NS,SMARTWORKS.NS,MAXESTATES.NS,TCIIND.BO,KOLTEPATIL.NS,SUNTECK.NS,SHRIKRISH.BO,ELNET.BO,AJMERA.NS,RODIUM.BO,NARPROP.BO,WEWORK.NS,OBEROIRLTY.NS,TARC.NS,SHRIRAMPPS.NS,OMAXE.NS,RAINBOWF.BO,ASHIANA.NS,SBGLP.NS,DLF.NS,JAMSHRI.BO,INDIQUBE.NS,GODREJPROP.NS,PHOENXINTL.BO,AMJLAND.NS,HAZOOR.BO,MODIS.NS,PURVA.NS,RUSTOMJEE.NS,SUPREME.NS,BRIGADE.NS,GOLDENTOBC.NS,ARVSMART.NS,HEMIPROP.NS,LODHA.NS,GEECEE.NS,MODIPON.BO,MARATHON.NS,MADHUDIN.BO,VGIL.BO,KALPATARU.NS,SRMCL.BO,LOTUSDEV.NS,OSWALGREEN.NS,AWFIS.NS,DYNAVSN.BO,ARIHANTSUP.NS,OSWALAGRO.NS,JUSTO.BO,3PLAND.NS,MANINFRA.NS,MARBU.BO,SAMINDUS.BO,CITADEL.BO,EMAMIREAL.NS,DEVX.NS,SUMIT.NS,DBREALTY.NS,PRIMIND.BO,RAYMONDREL.NS,EMBDL.NS,NATIONSTD.BO"
60,Trucks/Construction/Farm Machinery,Producer Manufacturing,49,48,44,45,"KMEW.NS,ASHOKLEY.NS,VSTTILLERS.NS,LAXMIPATI.BO,ADARSHPL.BO,CRAFTSMAN.NS,AIRFLOA.BO,BHARATGEAR.NS,GRSE.NS,GUJAPOLLO.NS,MHEL.BO,BAJAJINDEF.NS,SWANAGRO.BO,BEML.NS,AJAXENGG.NS,COCHINSHIP.NS,TIL.NS,MAHEPC.NS,BALUFORGE.NS,JWL.NS,MAZDOCK.NS,TITAGARH.NS,INDOFARM.NS,INGERRAND.NS,HERCULES.NS,GREAVESCOT.NS,TEXRAIL.NS,TRF.NS,ACE.NS,SEMAC.NS,EIMCOELECO.NS,INDCTST.BO,INTLCOMBQ.BO,JISLJALEQS.NS,CRANEX.BO,QUINT.BO"
61,Specialty Stores,Retail Trade,49,40,48,48,"ALANSCOTT.BO,GARGI.BO,MANOJJEWEL.BO,DPABHUSHAN.NS,PNGJL.NS,HONASA.NS,WAKEFIT.NS,COMPEAU.BO,VMART.NS,KALYANKJIL.NS,DMART.NS,LANDMARK.NS,BLUESTONE.NS,PVSL.NS,MVGJL.NS,PANORAMA.BO,CONFIPET.NS,AAYUSH.BO"
62,Miscellaneous Commercial Services,Commercial Services,49,48,51,49,"ISTRNETWK.BO,SMTEL.BO,AMITSEC.BO,MAGNUS.BO,HYPERSOFT.BO,ICONIKSPEV.BO,ONEGLOBAL.BO,ESHAMEDIA.BO,SEIL.BO,EXHICON.BO,GLOBAL.NS,PRODOCS.BO,ECLERX.NS,DELPHIFX.NS,KGES.BO,QLL.BO,AXISCADES.NS,CHOICEIN.NS,SAGILITY.NS,KAPSTON.NS,ONEPOINT.NS,NIITMTS.NS,SAILIFE.NS,TTC.BO,NBCC.NS,LATENTVIEW.NS,CAPRO.BO,IKS.NS,CHOKSILA.BO,VIMTALABS.NS,CPEDU.NS,LTTS.NS,MAPMYINDIA.NS,FSL.NS,AMALGAM.BO,RESPONSINF.BO,SIS.NS,MAJESAUT.BO,BLIL.BO,TOUCHWOOD.NS,SYNGENE.NS,JAYKAY.NS,MADHUVEER.BO,ADL.NS,RITES.NS,CLEDUCATE.NS,WEWIN.NS,WALCHPF.BO,IGIL.NS,DECOMIC.BO,ALLDIGI.NS,FUTSOL.BO,WSFX.BO,RADIANTCMS.NS,VERANDA.NS,LGLL.BO,VISVEN.BO,KRYSTAL.NS,MITCON.NS,CYIENT.NS,SUGALDAM.BO,HILIKS.BO,AARTECH.NS,BLUSPRING.NS,HGS.NS,ASTAR.BO,ASIAN.BO,NSBBPO.BO,PML.BO,MOBIKWIK.NS,RTNINDIA.NS,CONCORDBIO.NS,BNRUDY.BO,SSL.BO,UNICK.BO,NIITLTD.NS,ACCELERATE.BO,NISMGMT.BO,MPILCORPL.BO,SNOWMAN.NS,APTECHT.NS,UDS.NS,DIGITIDE.NS,AEIM.BO,MSECL.BO,MCEL.BO,ALPHALOGIC.BO,ASIAPAK.BO,TECHKGREEN.BO,SAFECURE.BO"
63,Pharmaceuticals: Major,Health Technology,49,54,52,49,"SHUKRAPHAR.BO,PHRMASI.BO,VENUSREM.NS,CONCORD.BO,FREDUN.BO,NOVELIX.BO,BAFNAPH.NS,LAURUSLABS.NS,ZOTA.NS,ANURAS.NS,GUJTHEM.NS,ACUTAAS.NS,SAKAR.NS,KPL.BO,AHCL.NS,SENORES.NS,SMSPHARMA.NS,AAREYDRUGS.NS,BLISSGVS.NS,STAR.NS,SEQUENT.NS,GLENMARK.NS,EMCURE.NS,BIOCON.NS,ASTRAZEN.NS,NEULANDLAB.NS,TORNTPHARM.NS,MEDICO.NS,PARNAXLAB.BO,DIVISLAB.NS,AUROLAB.BO,ASTONEALAB.BO,ALKEM.NS,SUPRIYA.NS,PFIZER.NS,JBCHEPHARM.NS,AJANTPHARM.NS,SUNPHARMA.NS,ERIS.NS,JUBLPHARMA.NS,IPCALAB.NS,RPGLIFE.NS,NGLFINE.NS,AARTIPHARM.NS,NATCOPHARM.NS,DESHRAK.BO,KILITCH.NS,JENBURPH.BO,DRREDDY.NS,BPLPHARMA.BO,ONESOURCE.NS,VIKRAMTH.BO,SYSCHEM.BO,SOLARAPP1.BO,PGHL.NS,SUVEN.NS,SMRUTHIORG.BO,MERCURYLAB.BO,DCAL.NS,MEDICAMEQ.NS,AARTIDRUGS.NS,ABBOTINDIA.NS,STARSOURCE.BO,TLL.BO,WOCKPHARMA.NS,CORONA.NS,ZYDUSLIFE.NS,INDGN.NS,SUNLOC.BO,WANBURY.NS,GUFICBIO.NS,GLAND.NS,ALEMBICLTD.NS,COLINZ.BO,SANOFICONR.NS,CAPLIPOINT.NS,GLAXO.NS,ORCHPHARMA.NS,SOLARA.NS,INDSWFTLAB.NS,ALIVUS.NS,APLLTD.NS,SANJIVIN.BO,GODAVARI.BO,PANCHSHEEL.BO,SPARC.NS,FDC.NS,MANKIND.NS,GUJTERC.BO,NOVARTIND.BO,MARKSANS.NS,AMBALALSA.BO,LACTOSE.BO,WINDLAS.NS,HESTERBIO.NS,BETA.NS,ANUHPHR.NS,PANACEABIO.NS,ALBERTDAVD.NS,KREBSBIO.NS,TTKHLTCARE.NS,PARMAX.BO,PPLPHARMA.NS,LINCOLN.NS,PHARMAID.BO,INDOCO.NS,SHILPAMED.NS,INNOVACAP.NS,ZENOTECH.BO,SHELTER.BO,VRL.BO,MAKERSL.BO,BACPHAR.BO,AMANTA.NS,KOPRAN.NS,KIMIABL.BO,TYCHE.BO,VALIANTLAB.NS,ROOPAIND.BO,BAJAJHCARE.NS,BALPHARMA.NS,UNICHEMLAB.NS,ALPA.NS,SIGACHI.NS,BLUEJET.NS,MEDICAPQ.BO,SANOFI.NS,HIKAL.NS,MOREPENLAB.NS,BIOFILCHEM.NS,SGRL.BO,PRAVEG.BO,THEMISMED.NS,OXYGENTAPH.BO,BROOKS.NS,COHANCE.NS"
64,Movies/Entertainment,Consumer Services,48,62,53,49,"CPML.BO,AJWAFUN.BO,SABTNL.NS,PFOCUS.NS,BALAJITELE.NS,UFO.NS,CINELINE.NS,GTTDATA.BO,PVRINOX.NS,GFLLIMITED.NS,SHEMAROO.NS,TIPSFILMS.NS,TIPSMUSIC.NS,DELTACORP.NS,WONDERLA.NS,IMAGICAA.NS,SAREGAMA.NS,NICCOPAR.BO,POOJAENT.BO"
65,Industrial Specialties,Process Industries,48,50,50,47,"BPAGRI.BO,INDOKEM.BO,CDG.BO,CFL.BO,SEJALLTD.NS,AVIVA.BO,SIRCA.NS,ASIANPAINT.NS,RETINA.BO,BEEZAASAN.BO,VIPULORG.BO,SRF.NS,AXELPOLY.BO,KAMAHOLD.BO,BERGEPAINT.NS,GRAPHITE.NS,DYNAMIND.BO,KELENRG.BO,HSCL.NS,INDIGOPNTS.NS,SOLARINDS.NS,HARDCAS.BO,KANSAINER.NS,PIDILITIND.NS,BORORENEW.NS,RUBFILA.NS,MHLXMIRU.NS,AKZOINDIA.NS,GANDHAR.NS,GRINDWELL.NS,BEARDSELL.NS,ELANTAS.BO,RAIN.NS,HINDADH.BO,VISAKAIND.NS,JYOTIRES.BO,PANAMAPET.NS,INNOVATORS.BO,PODDARMENT.NS,DHINDIA.BO,GOCLCORP.NS,SPLPETRO.NS,ESTER.NS,CARBORUNIV.NS,TINNARUBR.NS,NIKHILAD.BO,VINYOFL.BO,GOACARBON.NS,DUROPACK.BO,BODALCHEM.NS,XPROINDIA.NS,BEPL.NS,MULTIBASE.BO,DICIND.NS,SFL.NS,BRIGHTBR.BO,PCBL.NS,WAAREE.BO,GMPL.BO,SHALPAINTS.NS"
66,Household/Personal Care,Consumer Non-Durables,48,52,47,50,"CUPID.NS,THRIVE.BO,BAJAJCON.NS,KAYA.NS,MARICO.NS,GODREJCP.NS,DABUR.NS,STDSFAC.BO,HINDUNILVR.NS,PGHH.NS,EMAMILTD.NS,GILLETTE.NS,GALAXYSURF.NS,COLPAL.NS,JYOTHYLAB.NS,PCCOSMA.BO,RAVEL.BO,AMWILL.BO,HIPOLIN.BO"
67,Electrical Products,Producer Manufacturing,48,51,45,45,"DEL.BO,BHAGYANGR.NS,COSPOWER.BO,MODINSU.BO,TDPOWERSYS.NS,YASHHV.BO,LGBBROSLTD.NS,KIRLOSENG.NS,GVTD.BO,HBLENGINE.NS,GVT&D.NS,PRECWIRE.NS,QPOWER.NS,JDCABLES.BO,CYBELEIND.BO,CALCOM.BO,RISHABH.NS,RRKABEL.NS,BONLON.BO,PROSTARM.NS,ESABINDIA.NS,BHEL.NS,KEI.NS,POLYCAB.NS,ATLANTAELE.NS,CLN.BO,DIACABS.NS,HIRECT.NS,WSI.NS,RAMRAT.NS,VOLTAMP.NS,HUIL.BO,CORDSCABLE.NS,VETO.NS,SHILCTECH.NS,PANCARBON.BO,KSHINTL.NS,SIEMENS.NS,JYOTI.BO,STARDELTA.BO,ADVAIT.BO,CGPOWER.NS,ABB.NS,HAVELLS.NS,HIGHENE.BO,DLTNCBL.BO,EVEREADY.NS,SUZLON.NS,ARE&M.NS,VGUARD.NS,ENRIN.NS,HONDAPOWER.NS,NIPPOBATRY.NS,FINCABLES.NS,RNITAI.BO,BBL.NS,DYCL.NS,ELECON.NS,SWELECTES.NS,SWITCHTE.BO,PANAENERG.BO,EPIC.BO,IKIO.NS,BIRLACABLE.NS,INOXWIND.NS,MARSONS.BO,FOCUS.NS,QUADFUTURE.NS,RTSPOWR.BO,LAKSELEC.BO,INDOTECH.NS,JSLINDL.BO,DCXINDIA.NS,KECL.NS,SALZERELEC.NS,STDBAT.BO,S&SPOWER.NS,KAYCEEI.BO,PLAZACABLE.NS,PARACABLES.NS,EXICOM.NS,URAVIDEF.NS,TARIL.NS,SERVOTECH.NS,RMC.BO,ALFATRAN.BO"
68,Electronics Distributors,Distribution Services,48,42,45,47,"CNL.NS,RPTECH.NS,REDINGTON.NS,ACCEDERE.BO,OPTIEMUS.NS,SHRAAITECH.BO,PALREDTEC.NS"
69,Financial Conglomerates,Finance,48,45,54,53,"SALSAIN.BO,YASTF.BO,CMXLTD.BO,JINDALPHOT.NS,TEAMGTY.NS,GSLSEC.BO,AIIL.NS,DFL.BO,STEL.NS,SOUTLAT.BO,LERTHAI.BO,INDIGRID.BO,JIOFIN.NS,PILANIINVS.NS,KICL.NS,ZSARACOM.BO,QGO.BO,SWATIPRO.BO,NSIL.NS,FEDDERSHOL.BO,ELCIDIN.BO,BAJAJHLDNG.NS,NISUS.BO,WILLAMAGOR.BO,SILINV.NS,CONSOFINVT.NS,LFIC.NS,MKPMOB.BO,GANGESSECU.NS,RPSGVENT.NS,MORGAN.BO,GANHOLD.BO,TCFCFINQ.BO,NBIFIN.NS,BFINVEST.NS,MARGOFIN.BO,IITL.NS,KGVL.BO,TSFINV.NS,RSDFIN.BO,MORARKFI.BO,ZMILGFIN.BO,CUPIDALBV.BO"
70,Forest Products,Non-Energy Minerals,48,50,56,51,"VRWODAR.BO,ECOBOAR.BO,STYLAMIND.NS,RESPONIND.NS,AIROLAM.NS,GREENLAM.NS,DUROPLY.BO,GREENPANEL.NS,WIPL.NS,BIRLANU.NS,PREMIERPOL.NS"
71,Wholesale Distributors,Distribution Services,48,47,48,51,"INLCM.BO,VEL.BO,MRCAGRO.BO,STALLION.NS,TAVERNIER.BO,GMDCLTD.NS,KHAZANCHI.BO,VINCOFE.NS,AGRIBIO.BO,ISHANCH.NS,SEML.BO,TEGA.NS,SAENTER.BO,LLOYDSENT.NS,MISHKA.BO,SHARDACROP.NS,ACEMEN.BO,YASHINNO.BO,JAYBARMARU.NS,SAMOR.BO,UVS.BO,RONI.BO,MARBLE.BO,SRD.NS,KTIL.BO,BHAVIK.BO,MARINE.NS,IMPAL.NS,ABANSENT.BO,HRYNSHP.BO,BLACKROSE.BO,SCHNEIDER.NS,THEJO.NS,AEGISLOG.NS,PARSHVA.BO,MULLER.BO,METROGLOBL.BO,EFCIL.NS,ADANIENT.NS,CONSTRONIC.BO,MMTC.NS,KOTHARIPRO.NS,EVERESTIND.NS,HMEML.BO,TCC.BO,MYSORPETRO.BO,VINYLINDIA.NS,DKUAL.BO,YSL.BO,DHOOTIN.BO,HEXATRADEX.NS,SICAGEN.BO,SSDL.NS,BMWVENTLTD.NS,SHREE.BO,SANBLUE.BO,ARYAVAN.BO,JKIPL.NS,PALCO.BO,MERCURYEV.BO,UMAEXPORTS.NS,ANIKINDS.NS,SHIVTEXCHEM.BO,VOLKAI.BO,VERITAS.BO,JOLYPLS.BO"
72,Internet Retail,Retail Trade,47,46,54,46,"NYKAA.NS,SASTASUNDR.NS,INDIAMART.NS,MSTCLTD.NS,ISFT.NS,MANYAVAR.NS"
73,Other Transportation,Transportation,47,44,51,57,"SHREEJISPG.NS,GMRAIRPORT.NS,ADANIPORTS.NS,PRIMEFRESH.BO,SANCTRN.BO,GKWLIMITED.NS,RIDDHICORP.BO,SICALLOG.NS,NAVKARCORP.NS,REPONO.BO,DREAMFOLKS.NS,STARLOG.BO,HILINFRA.NS"
74,Oil & Gas Production,Energy Minerals,46,61,48,46,"BHAGWOX.BO,ASIANENE.NS,PRABHA.NS"
75,Textiles,Process Industries,46,42,49,45,"ELITECON.BO,SPICEISLIN.BO,OSIAJEE.BO,SOMATEX.NS,SHUBHAM.BO,JATTAINDUS.BO,ARL.BO,CANDOUR.BO,ADDIND.BO,OMNITEX.BO,LAKHOTIA.BO,LEMERITE.NS,ACSTECH.BO,SUMEETINDS.NS,BHUDEVI.BO,BORANA.NS,PASHUPATI.NS,ZBINTXPP.BO,ARMAN.BO,TTFL.BO,GINNIFILA.NS,LAHOTIOV.BO,YORKEXP.BO,KONARKSY.BO,MODWOOL.BO,MANOMAY.NS,APMIN.BO,PASUPTAC.NS,RNBDENIMS.NS,SANGAMIND.NS,BINNYMILLS.BO,SUNRAKSHAK.BO,INDORAMA.NS,SELMC.NS,MAFATIND.BO,HINDAPL.BO,PANABYTE.BO,SURYALA.BO,SALONA.NS,VTMLTD.BO,ORBTEXP.NS,PIOTEX.BO,PREMCO.BO,LAKSHMIMIL.BO,VTL.NS,SANATHAN.NS,LUDLOWJUT.BO,SANTETX.BO,GLOSTERLTD.NS,HPCOTTON.BO,PASUSPG.BO,RIBATEX.BO,RUBYMILLS.NS,SHANTIDENM.BO,SUBSM.BO,FAZE3Q.NS,DIGJAMLMTD.NS,FILATEX.NS,VIPPYSP.BO,MODTHREAD.NS,KAMADGIRI.BO,CHEVIOT.NS,VOITHPAPR.BO,HINDMILL.BO,SHIVATEX.NS,MAYURUNIQ.NS,RSWM.NS,DHANFAB.BO,MARIS.BO,ARVIND.NS,GHCL.NS,RAJPALAYAM.BO,KAPILCO.BO,SIYSIL.NS,EVERFIN.BO,SIHORA.BO,AREXMIS.BO,ICIL.NS,SHINEFASH.BO,JASCH.BO,BSL.NS,SKYIND.BO,SARLAPOLY.NS,VGL.NS,LAMBODHARA.NS,NAHARINDUS.NS,NIBE.NS,AICHAMP.BO,BTTL.BO,NITINSPIN.NS,SPORTKING.NS,PRECOT.NS,NAPSGLOBAL.BO,NAHARPOLY.NS,OLYMPTX.BO,GHCLTEXTIL.NS,AMBIKCO.NS,VICTMILL.BO,WEIZMANIND.NS,DONEAR.NS,DAMODARIND.NS,RAJKSYN.BO,SURYALAXMI.NS,ASHNOOR.BO,SURYAAMBA.BO,SLSTLQ.BO,WINSOMTX.BO,AMARJOTHI.BO,KITEX.NS,BANSWRAS.NS,BLUECHIPT.BO,NAHARSPING.NS,JAIHINDS.BO,TRUEGREEN.BO,CAMEXLTD.BO,ZENIFIB.BO,MKEXIM.BO,BHILSPIN.BO,DEEPAKSP.BO,ABREL.NS,RAGHUSYN.BO,RELCHEMQ.NS,BOMDYEING.NS,BARODARY.BO,SHIVAMILLS.NS,SAMBANDAM.BO,HIMATSEIDE.NS,KGPETRO.BO,SUTLEJTEX.NS,SUPER.BO,SHRJAGP.BO,SHRIDINE.BO,HISARSP.BO,SWADPOL.BO,GINISILK.BO,AYMSYNTEX.NS,LOYALTEX.NS,TITAANIUM.BO,WIREFABR.BO,MARALOVER.NS,DCMNVL.NS,PBMPOLY.BO,LAGNAM.NS,GOKAKTEX.BO,KATRSPG.BO,BETXIND.BO,GANECOS.NS,CFEL.BO,RACE.NS,RAYMOND.NS,ANIRIT.BO,PRABHHANS.BO,GARNETINT.BO,SWADEIN.BO"
76,Packaged Software,Technology Services,46,51,48,45,"TELECANOR.BO,INFOBEAN.NS,CWD.BO,IZMO.NS,MOBAVENUE.BO,BHARATROHAN.BO,ABMKNO.BO,EXATO.BO,PANSARI.NS,BLACKBUCK.NS,SILVERTUC.NS,SIGMA.NS,INFINITY.BO,DATAMATICS.NS,RATEGAIN.NS,CAPILLARY.NS,INTELLECT.NS,WORKMATES.BO,BSOFT.NS,MPHASIS.NS,AURUM.NS,IDENTIXWEB.BO,7SEASL.BO,ACEALPHA.BO,HEXT.NS,AFFLE.NS,ZENSARTECH.NS,PINELABS.NS,KPITTECH.NS,KFINTECH.NS,PURPLEWAVE.BO,INNOVANA.NS,NETLINK.BO,VEEFIN.BO,TATATECH.NS,ACCELYA.NS,ZAGGLE.NS,WESTLEIRES.BO,NAZARA.NS,SOFTTECH.NS,NINSYS.NS,OFSS.NS,MUKTAARTS.NS,UNIECOM.NS,ARISINFRA.NS,63MOONS.NS,NEWGEN.NS,DANLAW.BO,RAMINFO.BO,KSOLVES.NS,EMUDHRA.NS,ICODEX.BO,QUICKHEAL.NS,ODYSSEY.BO,URBANCO.NS,ERPSOFT.BO,AHASOLAR.BO,GENESYS.NS,EXCELSOFT.NS,AUSTERE.BO,SAGARSOFT.BO,JUPITERIN.BO,STYL.NS,SOFCOM.BO,NPST.NS,RSSOFTWARE.NS,LOGICIEL.BO,HCKKVENTURE.BO"
77,Homebuilding,Consumer Durables,46,59,54,42,"VAGHANI.BO,COROENGG.BO,BRRL.BO,MAPROIN.BO,PARSHWANA.BO,ANSALBU.BO,RVHL.NS,ARTNIRMAN.NS,GANESHHOU.NS,ALPINEHOU.BO,ANANTRAJ.NS,SHRISTI.BO,NACDAC.BO,ARKADE.NS,THAKDEV.BO,NCC.NS,EASTBUILD.BO,BGDL.BO"
78,Electric Utilities,Utilities,46,51,46,46,"ADANIPOWER.NS,ADANIENSOL.NS,SGMART.NS,CESC.NS,ADANIGREEN.NS,NLCINDIA.NS,NAVA.NS,TEXINFRA.NS,TATAPOWER.NS,PTC.NS,NTPC.NS,TORNTPOWER.NS,NHPC.NS,SWANCORP.NS,PACEDIGITK.NS,JSWENERGY.NS,KARMAENG.NS,GIPCL.NS,EKI.BO,SJVN.NS,GITARENEW.BO,WAA.BO"
79,Electronic Production Equipment,Electronic Technology,46,22,32,48,"APOLLO.NS,SYRMA.NS,DATAPATTNS.NS,AVALON.NS,ELIN.NS,CYIENTDLM.NS,PGEL.NS,DIXON.NS,NELCO.NS,KAYNES.NS"
80,Gas Distributors,Utilities,45,41,56,43,"PETRONET.NS,IGL.NS,GAIL.NS,GSPL.NS,RAJSEC.BO,RCCL.BO,GUJGASLTD.NS,ATGL.NS,MGL.NS"
81,Integrated Oil,Energy Minerals,45,64,45,54,"GNRL.BO,IOC.NS,HINDOILEXP.NS,IRMENERGY.NS,ANTELOPUS.NS,SHRAJOI.BO"
82,Tobacco,Consumer Non-Durables,45,55,40,47,"GODFRYPHLP.NS,ITC.NS,SINNAR.BO,VSTIND.NS,NTCIND.BO,VIRATCRA.BO"
83,Pulp & Paper,Process Industries,44,48,42,47,"SKPMIL.BO,SOMAPPR.BO,SUBAM.BO,META.BO,RAMANEWS.NS,SAPPL.BO,STHINPA.BO,JKPAPER.NS,TNPL.NS,STARPAPER.NS,DHANROTO.BO,MALUPAPER.NS,RUCHIRA.NS,SESHAPAPER.NS,ABRIL.BO,EMAMIPAP.NS,GANGAPA.BO,NATHIND.BO,ANDHRAPAP.NS,KUANTUM.NS,THREEMPAPE.BO,RIDDHI.BO,SHREYANIND.NS,SATIA.NS,SANPA.BO,PDMJEPAPER.NS,PAKKA.NS"
84,Building Products,Producer Manufacturing,44,43,43,39,"LTELEVATOR.BO,ASIANTILES.NS,INTERARCH.NS,FABCLEAN.BO,INDIANHUME.NS,SOLEX.NS,CENTURYPLY.NS,REGENCERAM.NS,BRPL.BO,AARON.NS,MBEL.NS,HINDWAREAP.NS,RISHILASE.BO,ORIRAIL.BO,ORIENTBELL.NS,KAJARIACER.NS,ARCHIDPLY.NS,ELEMARB.BO,GREENPLY.NS,POKARNA.NS,MURUDCERA.NS,CEETAIN.BO,SOMANYCERA.NS,AHMDSTE.BO,NITCO.NS,AHLADA.NS,ZODIAC.NS,JNKINDIA.NS,TRL.BO"
85,Coal,Energy Minerals,44,54,52,48,"SOUTHWEST.NS,COALINDIA.NS,STRATMONT.BO,REFEX.NS"
86,Agricultural Commodities/Milling,Process Industries,44,47,47,45,"CIANAGRO.BO,BNAGROCHEM.BO,SKMEGGPROD.NS,GRMOVER.NS,ZKHANDEN.BO,SHINDL.BO,SVRL.BO,LAKESHORE.BO,KRBL.NS,GODAVARIB.NS,TIMESGREEN.BO,PKTEA.NS,AVANTIFEED.NS,TIERRA.BO,GOKULAGRO.NS,AGRITECH.NS,KRISHIVAL.NS,DHAMPURE.BO,SUPERBAK.BO,MEGASTAR.NS,SSLEL.BO,AMBARPIL.BO,TRIVENI.NS,ROML.NS,SIMRAN.BO,DCMSRIND.NS,SPTRSHI.BO,ZUARIIND.NS,UNISEM.BO,UTTAMSUGAR.NS,MODINATUR.NS,BANARISUG.NS,POONADAL.BO,LTFOODS.NS,NKIND.NS,KSE.BO,KANCOTEA.BO,PATANJALI.NS,RDGAIL.BO,VENKEYS.NS,DIANATEA.BO,JKAGRI.BO,DBOL.NS,NATHBIOGEN.NS,AWL.NS,KSCL.NS,KNAGRI.NS,PICCADIL.NS,WATERBASE.BO,TYROON.BO,WARRENTEA.BO,MSL.BO,DHAMPURSUG.NS,SUNILAGR.BO,BALRAMCHIN.NS,UGARSUGAR.NS,MAGADSUGAR.NS,SUNDROP.NS,GODREJIND.NS,HINDUST.BO,GOODRICKE.BO,KLRFM.BO,JAYSREETEA.NS,BNALTD.BO,TGIF.BO,PONNIERODE.NS,NATRAJPR.BO,DTIL.NS,CLSEL.NS,DWARKESH.NS,GOKUL.NS,JAYAGROGN.NS,AVADHSUGAR.NS,VIJSOLX.BO,DALMIASUG.NS,PICCASUG.BO,RAJSREESUG.NS,GANESHCP.NS,OCTAVIUSPL.BO,GODREJAGRO.NS,ACLD.BO,KINGSINFR.BO,SULA.NS,BAJAJST.BO,HARRMALAYA.NS,INDOUS.NS,INDSUCR.BO,LELAVOIR.BO,SBECSUG.BO,REGAAL.NS,KRITINUT.NS,INTEGFD.BO,SURJIND.BO,SOLVEX.BO"
87,Railroads,Transportation,44,69,64,42,"GATEWAY.NS,CONCOR.NS"
88,Major Telecommunications,Communications,44,61,52,36,"TATACOMM.NS,ITI.NS,RAILTEL.NS,MTNL.NS,ROUTE.NS"
89,Apparel/Footwear,Consumer Non-Durables,43,34,43,43,"BIZOTIC.BO,SARUPINDUS.BO,RACHIT.BO,AAYUSHBULL.BO,PGIL.NS,DAVIN.BO,TUSALDAH.BO,VASHISHTHA.BO,VIRAT.BO,MIRZAINT.NS,MONTECARLO.NS,CAMPUS.NS,ACKNIT.BO,CANTABIL.NS,THOMASCOTT.NS,LEHAR.BO,INDTERRAIN.NS,ABCOTS.NS,DOLLAR.NS,SPAL.NS,PDSL.NS,GOKEX.NS,MALLCOM.NS,ACTIVE.BO,KKCL.NS,RELAXO.NS,KPRMILL.NS,IRISDOREME.NS,BANG.NS,ZENITHEXPO.NS,SUPERHOUSE.NS,VIPCLOTHNG.NS,PAGEIND.NS,SCOOBEEDAY.BO,VARDHACRLC.NS,ZODIACLOTH.NS,LOVABLE.NS,RAYMONDLSL.NS,SPLIL.NS,CEENIK.BO,BATAINDIA.NS,RUPA.NS,LUXIND.NS,SPENTA.BO,LIBERTSHOE.NS,GOCOLORS.NS,MANBRO.BO,KHADIM.NS"
90,Industrial Conglomerates,Producer Manufacturing,43,42,47,45,"3MINDIA.NS,DCMSHRIRAM.NS,GRAMEVA.BO,UNIENTER.NS,BALMLAWRIE.NS,KCP.NS,IPRINGLTD.BO,TIRUPATIFL.NS,FIBERWEB.NS"
91,Publishing: Newspapers,Consumer Services,43,66,49,48,"JAGRAN.NS,DBCORP.NS,SANDESH.NS,HMVL.NS"
92,Industrial Machinery,Producer Manufacturing,43,46,43,40,"FILTRON.BO,CHANDNIMACH.BO,ONIXSOLAR.BO,RMDRIP.NS,DYNAMATECH.NS,ROSEMER.BO,BANCOINDIA.NS,GGAUTO.BO,AZTEC.BO,AIAENG.NS,TRUECOLORS.BO,HLEGLAS.NS,ATVPR.BO,MACPOWER.NS,ALFREDHE.BO,EUREKAFORB.NS,MAHSCOOTER.NS,NESCO.NS,REXSEAL.BO,DUNCANENG.BO,AEROFLEX.NS,MANINDS.NS,SUBROS.NS,BALGOPAL.BO,BEMHY.BO,VELJAN.BO,BATLIBOI.BO,UVDRHOR.BO,SUNITATOOL.BO,ICEMAKE.NS,AEROENTER.NS,LAKSHMIEW.BO,SARTHAKIND.BO,DIFFNKG.NS,TIMKEN.NS,FMGOETZE.NS,EXPOEAPL.BO,VOLTAS.NS,HARISH.BO,GEE.BO,KSB.NS,INOXINDIA.NS,SUMUKA.BO,PERMAGN.BO,SHREEREF.BO,TALBROAUTO.NS,GMMPFAUDLR.NS,WALCHANNAG.NS,BIRLAPREC.BO,WELCORP.NS,SEALMATIC.BO,TRITURBINE.NS,AMCOIND.BO,AMBER.NS,LMW.NS,POLYCHMP.BO,BLUESTARCO.NS,SHTL.BO,ACROW.BO,MEERA.BO,GALLARD.BO,FILTRA.BO,IFGLEXPOR.NS,ELGIEQUIP.NS,GGDPROP.BO,KRN.NS,MAMATA.NS,WPIL.BO,AXTEL.BO,SAATVIKGL.NS,RUNGTAIR.BO,SOLIMAC.BO,YUKEN.NS,WINDMACHIN.NS,ATAM.NS,ARTSON.BO,VJLAXMIE.BO,DISAQ.BO,STOVACQ.BO,EPBIO.BO,THERMAX.NS,SAMRATFORG.BO,UNIMECH.NS,ITL.BO,ROTO.NS,ENVAIREL.BO,SBVCL.BO,REXNORD.BO,KIRLOSBROS.NS,SHAKTIPUMP.NS,WHBRADY.BO,INDIANCARD.NS,MAZDA.NS,FORBESCO.BO,OSWALPUMPS.NS,PITTIENG.NS,HMT.NS,ANUP.NS,SYMPHONY.NS,WENDT.NS,LOYAL.BO,EKC.NS,KIRLPNU.NS,JASH.NS,SHILGRAVQ.BO,DEEDEV.NS,CROMPTON.NS,PRINCEPIPE.NS,HAWAENG.BO,IONEXCHANG.NS,TOTEM.BO,INTEGRAEN.BO,EPACK.NS,JOSTS.BO,KABRAEXTRU.NS,CENLUB.BO,BRADYM.BO,COMRADE.BO,PATELSAI.BO,AFFORDABLE.NS,CHEMTECH.BO,RAJOOENG.NS,QUESTFLOW.BO,SRIGEE.BO"
93,Oilfield Services/Equipment,Industrial Services,42,56,48,43,"CRYOGENIC.BO,DOLPHIN.NS,SEAMECLTD.NS,TRISHAKT.BO,UNIDT.NS,GLOBALVECT.NS,DEEPINDS.NS,OILCOUNTUB.NS,COCHMAL.BO,ALPHAGEO.NS,GLOBOFFS.BO,RVTH.NS"
94,Pharmaceuticals: Other,Health Technology,42,58,48,48,"TRANSCHEM.BO,BDH.BO,GRANULES.NS,AUROPHARMA.NS,LUPIN.NS,CIPLA.NS,ISHITADR.BO,AMRUTANJAN.NS,SOURCENTRL.BO,SUDEEPPHRM.NS,CORALAB.BO,NATCAPSUQ.NS,SANDUPHQ.BO,KERALAYUR.BO,LYKALABS.NS,CRSTCHM.BO,CHEMKART.BO"
95,Home Furnishings,Consumer Durables,42,41,44,40,"CHPLIND.BO,SPITZE.BO,ASAHIINDIA.NS,HARSHDEEP.BO,CARYSIL.NS,TTKPRESTIG.NS,SEKURITIND.BO,BELLACASA.NS,CELLO.NS,WIMPLAST.BO,PRIMAPLA.BO,BCONCEPTS.NS,NILKAMAL.NS,CERA.NS,TEXELIN.BO,LAOPALA.NS,TIRUFOAM.BO,AVROIND.NS,PRITI.NS,STANLEY.NS"
96,Containers/Packaging,Process Industries,42,48,47,45,"DECPO.BO,NRAIL.NS,RAJPACK.BO,SHREERAMA.NS,COMSYN.NS,RDBRL.BO,HPBL.BO,JUMBO.BO,BBTCL.NS,BI.BO,KALYANI.BO,SHETR.BO,GUJCONT.BO,EPL.NS,WORTHPERI.NS,POLYSPIN.BO,VINAYAKPOL.BO,HUHTAMAKI.NS,JAICORPLTD.NS,UFLEX.NS,EMMBI.NS,ECOPLAST.BO,HALDYNGL.BO,RISHITECH.BO,TAINWALCHM.NS,KAIRA.BO,ARROWGREEN.NS,TIMETECHNO.NS,ORIENTLTD.NS,PERFEPA.BO,SIEL.BO,BAPACK.BO,AGI.NS,BOROSCI.NS,AERONEU.NS,BALAJEE.NS,GUJCRAFT.BO,COSMOFIRST.NS,HINDTIN.BO,PGFOILQ.BO,JINDALPOLY.NS,ARROWHEAD.BO,TARSONS.NS,CAPRIHANS.BO,GLEN.BO,SPL.BO"
97,Chemicals: Specialty,Process Industries,42,45,43,43,"A1L.BO,HILLTONE.BO,TULASEEBIOE.BO,RITESHIN.BO,ARVEE.NS,TATVA.NS,INDIAGLYCO.NS,NAVINFLUOR.NS,TCMLMTD.BO,ARCL.BO,INDOBORAX.NS,YASHCHEM.BO,SHAILY.NS,BCCL.BO,KINGFA.NS,VISHNU.NS,TNPETRO.NS,TANFACIND.BO,COROMANDEL.NS,PNTKYOR.BO,SHREEPUSHK.NS,LORDSCHLO.NS,AMAL.BO,TGVSL.BO,RESONANCE.BO,BHAGERIA.NS,VINEETLAB.NS,APCOTEXIND.NS,HPIL.NS,MANORG.NS,PREMEXPLN.NS,NATPLASTI.BO,KIRIINDUS.NS,POEL.BO,ANDHRSUGAR.NS,SIGIND.NS,FLUOROCHEM.NS,SHHARICH.BO,EIKO.BO,AKSHARCHEM.NS,PAR.NS,GNFC.NS,OCCLLTD.NS,CHEMCON.NS,GUJPETR.BO,MEHUL.BO,MANALIPETC.NS,HOCL.BO,GOTHIPL.BO,ARCHITORG.BO,JGCHEM.NS,VINATIORGA.NS,AEONXDIGI.BO,SOTL.NS,IOLCP.NS,LINDEINDIA.NS,TRANSPEK.BO,DAICHI.BO,POLSON.BO,JOCIL.NS,20MICRONS.NS,ULTRAMAR.BO,IGPL.NS,CHAMBLFERT.NS,SAYAJIIND.BO,PIIND.NS,ROSSARI.NS,KANORICHEM.NS,IVP.NS,DEEPAKNTR.NS,DHUNINV.NS,KANCHI.BO,LINKPH.BO,ANDHRAPET.BO,GUJALKALI.NS,SRHHYPOLTD.NS,OAL.NS,GRWRHITECH.NS,CENTENKA.NS,ALKYLAMINE.NS,VALIANTORG.NS,AMNPLST.NS,KRONOX.NS,TPLPLASTEH.NS,LAFFANSQ.BO,LXCHEM.NS,TIRUMALCHM.NS,KOTHARIPET.NS,ASAHISONG.NS,BASF.NS,GRAUWEIL.BO,NOCIL.NS,VIKRAMAR.BO,ALKALI.NS,GANESHBE.NS,DEEP.BO,DHANUKA.NS,CAMLINFINE.NS,MOL.NS,DCW.NS,SUDARSCHEM.NS,TRUALT.NS,FAIRCHEMOR.NS,RISHIROOP.BO,SHK.NS,ZR2.BO,STYRENIX.NS,BALAMINES.NS,NPL.BO,AGARIND.NS,NAPEROL.BO,CLEAN.NS,SAMRATPH.BO,POLYPLEX.NS,NOL.BO,ELLEN.NS,NEOGEN.NS,TUTIALKA.BO,CHEMFAB.NS,FISCHER.NS,DAIKAFFI.BO,SHLOKKA.BO,AGVENTURES.BO"
98,Hotels/Resorts/Cruise Lines,Consumer Services,42,47,38,47,"VHLTD.NS,BLUECOAST.NS,LEMONTREE.NS,ASIANHOTNR.NS,SAYAJIHOTL.BO,BENARAS.BO,THELEELA.NS,TAJGVK.NS,CHLLTD.BO,PGCRL.BO,VENTIVE.NS,SAVERA.BO,EMERALL.BO,ITCHOTELS.NS,SAMHI.NS,EIHOTEL.NS,EIHAHOTELS.NS,UPHOT.BO,ITDC.NS,ROHLTD.NS,INDHOTEL.NS,CINDHO.BO,CHALET.NS,ADVANIHOTR.NS,AHLEAST.NS,RASRESOR.BO,APOLSINHOT.NS,JUNIPER.NS,SINCLAIR.NS,PARKHOTELS.NS,KAMATHOTEL.NS,SHILINDORE.BO,BRIGHOTEL.NS,JINDHOT.BO,RAYALEMA.BO,GRAVISSHO.BO,RHL.NS,GUJHOTE.BO,JUNGLECAMP.BO,HBESD.BO,ORIENTHOT.NS,BYKE.NS,ESPIRE.BO,PHOENIXTN.BO"
99,Apparel/Footwear Retail,Retail Trade,42,52,38,48,"V2RETAIL.NS,TRADEUNO.BO,MEESHO.NS,VMM.NS,ARVINDFASN.NS,KALAMANDIR.NS,METROBRAND.NS,CRAVATEX.BO,STYLEBAAZA.NS,SREEL.NS,ABLBL.NS,TRENT.NS,REDTAPE.NS,FIRSTCRY.NS,MARCLOIRE.BO,MUFTI.NS,ABFRL.NS,MISHDESIGN.BO"
100,Recreational Products,Consumer Durables,40,32,32,26,"STUDDS.NS,COSCO.BO,KVTOYS.BO"
101,Electronics/Appliances,Consumer Durables,40,32,34,39,"CPPLUS.NS,INFLAME.BO,IFBIND.NS,UNIVPHOTO.NS,KHAITANLTD.NS,BUTTERFLY.NS,LGEINDIA.NS,SINGER.BO,ORIENTELEC.NS,STOVEKRAFT.NS,BAJAJELEC.NS,GORANIN.BO,WHIRLPOOL.NS,SHARP.BO"
102,Engineering & Construction,Industrial Services,39,44,36,38,"BGRENERGY.NS,BRAHMINFRA.BO,EPACKPEB.NS,GARUDA.NS,RAUNAQ.BO,EKANSH.BO,SRM.NS,PSPPROJECT.NS,ATLANTAA.NS,GENCON.NS,LT.NS,SHRICON.BO,PFL.BO,ENGINERSIN.NS,GTV.BO,KPIL.NS,LLOYDPP.BO,AHLUCONT.NS,CEMPRO.NS,GMRP&UI.NS,RAMKY.NS,VALPLAST.BO,DESCO.BO,MOLDTECH.NS,LLOYDSENPP.BO,RJSHAH.BO,VIKRAN.NS,WELENT.NS,SCANPRO.BO,ACMESOLAR.NS,TRANSRAILL.NS,MIZVEN.BO,TELGE.BO,RAJESH.BO,HECPROJECT.NS,DENTA.NS,DBL.NS,GKENERGY.NS,IRCON.NS,CFF.BO,RVNL.NS,GPTINFRA.NS,TARMAT.NS,VINDHYATEL.NS,BCPL.BO,CONART.BO,GOELCONS.BO,IRB.NS,JSWINFRA.NS,MARKOLINES.NS,SIMPLEXINF.NS,CEIGALL.NS,POWERMECH.NS,VASCONEQ.NS,LLOYDSENGG.NS,CAPINVIT.BO,JAYANT.BO,UNIVASTU.NS,ABMINTLLTD.NS,GVPIL.NS,BRGIL.BO,ARTEFACT.BO,KAUSHALYA.NS,BFUTILITIE.NS,SGFRL.BO,JKIL.NS,PNCINFRA.NS,MODISONLTD.NS,SOLARWORLD.NS,VSFPROJ.BO,ISGEC.NS,DARJEELING.BO,BONDADA.BO,WABAG.NS,AFCONS.NS,BAJEL.NS,TECHNOE.NS,ASHOKA.NS,GRINFRA.NS,BLKASHYAP.NS,MPDL.BO,KEC.NS,SUPREMEINF.NS,PIGL.NS,OVAL.BO,CAPACITE.NS,NIRAJ.NS,SWSOLAR.NS,DBEIL.NS,SPMLINFRA.NS,DMR.BO,OMINFRAL.NS,ADVENTHTL.NS,HGINFRA.NS,LIKHITHA.NS,KNRCON.NS,RPPINFRA.NS,MBLINFRA.NS,VVIPIL.BO,RKEC.NS,DHRUV.NS,REPL.NS,GLOBECIVIL.NS,SURAJEST.NS,PRAJIND.NS,PATELENG.NS,SAB.BO,SHRADHA.NS,CEINSYSTECH.BO,EMSLIMITED.NS,SUYOG.NS,KRRAIL.BO,VPRPL.NS,REFEXRENEW.BO"
103,Chemicals: Major Diversified,Process Industries,39,49,37,44,"PRIVISCL.NS,RPEL.NS,FOSECOIND.NS,AETHER.NS,DDEVPLSTIK.NS,SUNSHIEL.BO,JUBLINGREA.NS,PAUSHAKLTD.NS,TECHNICHEM.BO,SKM.BO,POLYCHEM.BO,AARTIIND.NS,FINEORG.NS,INDGELA.BO,INDOAMIN.NS,CHEMBONDCH.NS,DMCC.NS,CHEMCRUX.BO,SHIVAAGRO.BO,DEEPAKCHEM.BO,PLATIND.NS,PATELCHEM.BO,ACI.NS,HARLETH.BO,PLASTIBLEN.NS,HEUBACHIND.NS,AARTISURF.NS,RESGEN.BO,DIAMINESQ.NS,CHEMBOND.NS,CHEMPLASTS.NS,GEMAROMA.NS"
104,Pharmaceuticals: Generic,Health Technology,39,57,50,41,"NUTRICIRCLE.BO,JAGSNPHARM.NS,ZIMLAB.NS,DENISCHEM.BO"
105,Precious Metals,Non-Energy Minerals,38,54,55,61,"DECNGOLD.BO,MIDWEST.BO"
106,Oil & Gas Pipelines,Industrial Services,37,33,46,30,RIIL.NS
107,Trucking,Transportation,37,56,44,43,"VRLLOG.NS,OBCL.NS,RITCO.NS,TCI.NS,NEPLOG.BO,AWHCL.NS,INTSTOIL.BO,GEMENVIRO.BO,JITFINFRA.NS,BLT.BO"
108,Miscellaneous,Miscellaneous,36,64,51,56,"INOVSYNTH.BO,SCILAL.NS,ASHIKA.BO"
109,Restaurants,Consumer Services,33,39,24,30,"COFFEEDAY.NS,TRAVELFOOD.NS,JUBLFOOD.NS,DEVYANI.NS,KAMATS.BO,SAPPHIRE.NS,RBA.NS,SPECIALITY.NS,UFBL.NS,WESTLIFE.NS"
110,Food Retail,Retail Trade,33,31,13,30,"CITYSQUARE.BO,ZAPPFRESH.BO,PATELRMART.NS,ACML.BO,SPENCERS.NS,PQIF.BO"
111,Semiconductors,Electronic Technology,32,37,15,41,"MOSCHIP.NS,WAAREEENER.NS,UTLSOLAR.NS,SOLARIUM.BO,EMMVEE.NS,SPELS.BO,ADTECH.BO,PREMIERENE.NS,METSL.BO,WEBELSOLAR.NS,RIR.BO,VIKRAMSOLR.NS,INA.BO"
112,Specialty Telecommunications,Communications,31,56,40,37,"ONMOBILE.NS,GTPL.NS,TTML.NS,STML.BO"
113,Personnel Services,Commercial Services,31,31,40,39,"AARVI.NS,ITCONS.BO,TEAMLEASE.NS,QUESS.NS"
114,Contract Drilling,Industrial Services,27,64,61,43,JINDRILL.NS
115,Publishing: Books/Magazines,Consumer Services,24,40,34,11,"MPSLTD.NS,SCHAND.NS"
116,Advertising/Marketing Services,Commercial Services,22,34,33,41,"BRIGHT.BO,SIGNPOST.NS,VERTOZ.NS,ADCOUNTY.BO,RKSWAMY.NS,CHTR.BO"
117,Broadcasting,Consumer Services,21,52,36,23,"SUNTV.NS,TVTODAY.NS,RAJTV.NS,NETWORK18.NS,ZEEL.NS,ENIL.NS,NDTV.NS"
118,Commercial Printing/Forms,Commercial Services,21,43,34,20,"REPRO.NS,TCPLPACK.NS,DGCONTENT.NS,DJML.NS,INLANPR.BO"
119,Environmental Services,Industrial Services,19,32,24,33,"ORGANICREC.BO,EIEL.NS,CEWATER.NS,BANKA.NS,ECORECO.BO"
120,Tools & Hardware,Consumer Durables,18,37,14,14,"AAIL.BO,KOKUYOCMLN.NS,KPT.BO,JAINEX.BO"
121,Department Stores,Retail Trade,13,51,8,28,SHOPERSTOP.NS
122,Home Improvement Chains,Retail Trade,2,38,20,0,"MCPL.BO,SHANKARA.NS"
