Rank,Sector,RS,1 M_RS,3M_RS,6M_RS,Ticker
1,Nan,66,55,75,0,KRISHPP.BO
2,Health Services,60,50,59,56,"KOVAI.NS,PARKHOSPS.NS,KMCSHIL.BO,GAUDIUMIVF.NS,HANNAH.BO,ASPIRA.BO,VIJAYA.NS,THYROCARE.NS,ASARFI.BO,ASTERDM.NS,GKSL.NS,KIMS.NS,LALPATHLAB.NS,LOTUSEYE.NS,APOLLOHOSP.NS,YATHARTH.NS,HCG.NS,STARIMAGIN.BO,ARTEMISMED.NS,RAINBOW.NS,MEDANTA.NS,FORTIS.NS,SHANMUGA.BO,GPTHEALTH.NS,ZDHJERK.BO,DRAGARWQ.NS,AGARWALEYE.NS,AASHKA.BO,KKSHL.BO,MAXHEALTH.NS,CTLLAB.BO,CMMHOSP.BO,MAXIND.NS,SHALBY.NS,SHARMEH.BO,SURAKSHA.NS,LAXMIDENTL.NS,SML.BO,FORTISMLR.BO,INDRAMEDCO.NS,KRSNAA.NS,MDRC.BO"
3,Health Technology,60,57,60,61,"VINRKLB.BO,TRANSCHEM.BO,VENUSREM.NS,PARMAX.BO,BLISSGVS.NS,FREDUN.BO,SAKAR.NS,RUBICON.NS,ACUTAAS.NS,VEERHEALTH.BO,INDSWFTLAB.NS,TITANBIO.BO,SENORES.NS,HSIL.BO,ASTONEALAB.BO,SETL.NS,SUVEN.NS,SPARC.NS,BAFNAPH.NS,SHILPAMED.NS,COLINZ.BO,KPL.NS,ORCHPHARMA.NS,LAURUSLABS.NS,GRANULES.NS,BDH.BO,ZIMLAB.NS,VIKRAMTH.BO,HEXAGON.NS,HESTERBIO.NS,CHOKSI.BO,BETA.NS,SUDARSHAN.BO,MARKSANS.NS,PHRMASI.BO,CAPLIPOINT.NS,FERMENTA.NS,NOVELIX.BO,SAIPARENT.NS,GLAND.NS,UNICHEMLAB.NS,VIYASH.NS,PANACEABIO.NS,CORONA.NS,AKUMS.NS,AMANTA.NS,WANBURY.NS,SGRL.BO,ZENLABS.BO,TORNTPHARM.NS,ANL.BO,GODAVARI.BO,WOCKPHARMA.NS,CORALAB.BO,KOPRAN.NS,HALEOSLABS.NS,SUPRIYA.NS,SUDEEPPHRM.NS,RPGLIFE.NS,AJANTPHARM.NS,AUROPHARMA.NS,PGHL.NS,HAMPS.BO,SDL.BO,SMSPHARMA.NS,PARNAXLAB.BO,GUFICBIO.NS,EMCURE.NS,CHEMKART.BO,BIOCON.NS,ZYDUSLIFE.NS,VANTABIO.BO,ALIVUS.NS,LENSKART.NS,EARKART.BO,LUPIN.NS,STAR.NS,SUNPHARMA.NS,THEMISMED.NS,BLUEJET.NS,SHUKRAPHAR.BO,GLENMARK.NS,DIVISLAB.NS,ANG.BO,BALPHARMA.NS,KILITCH.NS,MANKIND.NS,CRSTCHM.BO,BPLPHARMA.BO,LINCOLN.NS,VRL.BO,GUJTHEM.NS,AAREYDRUGS.NS,SHREEPAC.BO,SOLARA.NS,MAKERSL.BO,ANTHEM.NS,HIKAL.NS,CIPLA.NS,NURECA.NS,FDC.NS,ANURAS.NS,ALKEM.NS,ZOTA.NS,PPLPHARMA.NS,DRREDDY.NS,VOEPL.NS,INDOCO.NS,LACTOSE.BO,CONCORD.BO,ROOPAIND.BO,WINDLAS.NS,TYCHE.BO,SMRUTHIORG.BO,DESHRAK.BO,APLLTD.NS,AUROLAB.BO,MERCURYLAB.BO,AARTIDRUGS.NS,PANCHSHEEL.BO,INDGN.NS,SANDUPHQ.BO,ABBOTINDIA.NS,SANOFICONR.NS,TTKHLTCARE.NS,ONESOURCE.NS,AMKAY.BO,POLYMED.NS,SUNLOC.BO,PRAVEG.NS,ANUHPHR.NS,TLL.BO,LYKALABS.NS,GLAXO.NS,AMBALALSA.NS,ERIS.NS,ASTRAZEN.NS,ZENOTECH.BO,AARTIPHARM.NS,FABTECH.NS,PFIZER.NS,ALEMBICLTD.NS,ALPA.NS,DCAL.NS,BIOFILCHEM.NS,ALBERTDAVD.NS,MEDICO.NS,TRANSPACT.BO,GVBL.BO,AMRUTANJAN.NS,EMMESSA.BO,GKB.BO,BAJAJHCARE.NS,RAAJMEDI.BO,COHANCE.NS,VALIANTLAB.NS,SOURCENTRL.BO,GUJTERC.BO,KIMIABL.BO,BACPHAR.BO,DENISCHEM.BO,PHARMAID.BO,SYSCHEM.BO,MEDICAPQ.BO,KREBSBIO.NS,SANOFI.NS,CSURGSU.BO,BROOKS.NS,PREVEST.BO,MEDICAMEQ.NS,OXYGENTAPH.BO,SHELTER.BO,SANJIVIN.BO,STARSOURCE.BO,MANGALAM.NS,KERALAYUR.BO"
4,Electronic Technology,60,55,61,60,"SELECTRIC.BO,HFCL.NS,KERNEX.NS,IDEAFORGE.NS,SYRMA.NS,AVALON.NS,UTLSOLAR.NS,APOLLO.NS,ONIDA.NS,ELPROINTL.NS,ASTRAMICRO.NS,SPECTRUM.NS,AEQUS.NS,PARAS.NS,ADCINDIA.BO,UNIVCABLES.NS,ROSSTECH.NS,POWERINDIA.NS,HIGHNESS.BO,GRERENEW.BO,PANACHE.NS,CNCRD.BO,EMMVEE.NS,APARINDS.NS,DIGILOGIC.BO,CENTUM.NS,PRECISIO.BO,KRISHNADEF.NS,SMARTLINK.NS,APLAB.BO,DATAPATTNS.NS,CYIENTDLM.NS,VALIANT.BO,APLABPP.BO,STERPOW.BO,SIKA.NS,WEPSOLN.BO,IDM.BO,BCCFUBA.BO,DENORA.NS,PREMIERENE.NS,HONAUT.NS,TVSELECT.NS,TEJASNET.NS,AVANTEL.NS,INA.NS,INCAP.BO,GUJARATPOLY.BO,DLINKINDIA.NS,GENUSPOWER.NS,ROSSELLIND.NS,DIXON.NS,WEBELSOLAR.NS,SPELS.BO,PGEL.NS,DCI.NS,HEG.NS,HAL.NS,BEL.NS,SURANASOL.NS,PUNJCOMMU.BO,WAAREEINDO.NS,TANAA.BO,BPL.NS,CONTROLPR.NS,WAAREEENER.NS,HINDHARD.BO,HPL.NS,DRONACHRYA.BO,ADTECH.BO,BDL.NS,WEL.NS,MEIL.NS,SHRADDHA.BO,NWIL.BO,KAVDEFENCE.NS,SALORAINTL.BO,FINELINE.BO,VIKRAMSOLR.NS,RIR.BO,SOLARIUM.BO,KAYNES.NS,ELIN.NS,PANELEC.BO"
5,Producer Manufacturing,53,53,53,54,"SAMTELIN.BO,LIPPISYS.BO,BATLIBOI.NS,EMAINDIA.BO,SWANDEF.NS,FILTRON.BO,BHAGYANGR.NS,AANCHALISP.BO,INDOSMC.BO,HIIL.BO,COSPOWER.BO,INCON.BO,OMAXAUTO.NS,DEEDEV.NS,PANKAJPO.BO,OMNI.NS,KIRLOSENG.NS,KSHINTL.NS,CCME.BO,SWITCHTE.BO,INDOTECH.NS,YASHHV.BO,HITECHCORP.NS,AEROFLEX.NS,VELJAN.NS,WELCORP.NS,SANSERA.NS,CHANDNIMACH.BO,CARNATIN.BO,KMEW.NS,SEDEMAC.NS,SIZEMASTER.BO,ATLANTAELE.NS,GRAMEVA.BO,SHREEREF.BO,RRKABEL.NS,ADMACH.BO,UNIABEXAL.BO,RISHABH.NS,TDPOWERSYS.NS,WHEELS.NS,SCHNEIDER.NS,TIRUPATIFL.NS,IIRM.BO,LAXMIPATI.BO,SATANIBRG.BO,PARACABLES.NS,DIACABS.NS,NRBBEARING.NS,SAPL.BO,RML.NS,GALXBRG.BO,PPAP.NS,BHARATSE.NS,GNA.NS,EMMFORCE.BO,PRECWIRE.NS,GEE.BO,LTELEVATOR.BO,UNIPARTS.NS,GREAVESCOT.NS,AMS.BO,BHEL.NS,BIMETAL.NS,GALAPREC.NS,HAPPYFORGE.NS,INDNIPPON.NS,BHARATFORG.NS,KIRLPNU.NS,MENONBE.NS,GVT&D.NS,AZAD.NS,BELRISE.NS,TALBROAUTO.NS,POWERICA.NS,DIVGIITTS.NS,AFLTD.BO,SJS.NS,CYBELEIND.BO,ADVAIT.NS,SHRIPISTON.NS,AEROENTER.NS,SONACOMS.NS,HIRECT.NS,MACPOWER.NS,PRADPME.NS,FABCLEAN.BO,IKOMA.BO,AUTOIND.NS,BELDING.BO,RANEHOLDIN.NS,APOLLOPIPE.NS,MANINDS.NS,QPOWER.NS,CRAFTSMAN.NS,KRN.NS,AIAENG.NS,GALAGEX.BO,WALCHANNAG.NS,CGPOWER.NS,COSMOFE.BO,CUMMINSIND.NS,SIMMOND.BO,ADOR.NS,EXICOM.NS,RAMRAT.NS,ONIXSOLAR.BO,PIXTRANS.NS,POLYCAB.NS,AUSTENG.BO,SHIVAUM.NS,SKIPPER.NS,BIRLACABLE.NS,SUNDRMBRAK.NS,MENNPIS.NS,ACGL.BO,IKIO.NS,THERMAX.NS,DIFFNKG.NS,UNIMECH.NS,RICOAUTO.NS,EUROPRATIK.NS,DYNAMATECH.NS,GREENPLY.NS,QUADFUTURE.NS,KKPLASTICK.BO,MAGNAELQ.BO,ACROW.BO,SHYAMMETL.NS,SIMPLEXCAS.BO,SWASTIKAAL.BO,KEI.NS,GABRIEL.NS,FINCABLES.NS,POKARNA.NS,HAWKINCOOK.NS,RAJRATAN.NS,EXIDEIND.NS,ENRIN.NS,3MINDIA.NS,VARROC.NS,ABB.NS,SHTL.BO,AMEENJI.BO,SOMANYCERA.NS,CRANEX.BO,ENVAIREL.BO,KVFORGE.BO,TRITURBINE.NS,PATELSAI.BO,AMIC.BO,CORDSCABLE.NS,VETO.NS,CLN.BO,BHARATGEAR.NS,SSWL.NS,USHAMART.NS,KENNAMET.NS,RACLGEAR.NS,BHARATWIRE.NS,ELGIEQUIP.NS,CTCL.BO,ATHARVA.BO,INDIANHUME.NS,PRICOLLTD.NS,SONALAD.BO,BOSCHLTD.NS,SUPRAJIT.NS,LMW.NS,SUSAN.BO,GTIL.BO,LUMAXIND.NS,SKFINDUS.NS,LAKSHMIEW.BO,IGARASHI.NS,ADVLIFE.BO,WSTCSTPAPR.NS,PTCIL.NS,HMT.NS,KSB.NS,VOLTAMP.NS,BALGOPAL.BO,PITTIENG.NS,DYCL.NS,ROLEXRINGS.NS,DHABRIYA.BO,ORIENTBELL.NS,TENNIND.NS,ELGIRUBCO.NS,WPIL.NS,CARRARO.NS,GGDPROP.BO,GARFIBRES.NS,ALPHAIND.BO,S&SPOWER.NS,EVEREADY.NS,AJAXENGG.NS,SIEMENS.NS,QUESTFLOW.BO,KIRLOSBROS.NS,SUNDRMFAST.NS,TITAGARH.NS,REXNORD.BO,FIEMIND.NS,SHILCTECH.NS,PPL.NS,ARTSON.BO,HARSHA.NS,KINETICENG.BO,WINDMACHIN.NS,TVSHLTD.NS,PORWAL.BO,ESABINDIA.NS,AMBER.NS,ENDURANCE.NS,FLUIDOM.BO,EXPOEAPL.BO,HARISH.BO,SCHAEFFLER.NS,LUMAXTECH.NS,BRPL.BO,CIEINDIA.NS,ARE&M.NS,RISHILASE.BO,SNL.BO,BIRLAPREC.NS,CENTURYPLY.NS,ELECON.NS,ASAL.NS,UCAL.NS,ICEMAKE.NS,SHIVAGR.BO,PYRAMID.NS,SHAYONAENG.BO,ADARSHPL.BO,KANPRPLA.NS,IFGLEXPOR.NS,AHMDSTE.BO,SAATVIKGL.NS,SUNITATOOL.BO,AXTEL.BO,RKFORGE.NS,ACCORDTS.BO,DIKSHA.BO,STARDELTA.BO,MALPANI.BO,SERVOTECH.NS,BDI.BO,ZFCVINDIA.NS,ROSEMER.BO,BANCOINDIA.NS,HLEGLAS.NS,ROTO.NS,HIGHENE.BO,SAMRATFORG.BO,LGBBROSLTD.NS,ASKAUTOLTD.NS,WENDT.NS,TIIL.NS,EPBIO.BO,PERMAGN.BO,ORICONENT.NS,MACPLASQ.BO,ASHOKLEY.NS,SEMAC.NS,SUZLON.NS,AUTOAXLES.NS,MAZDA.NS,GRSE.NS,UNOMINDA.NS,AZTEC.BO,TIMKEN.NS,ACE.NS,AIRFLOA.BO,TEMBO.NS,FMGOETZE.NS,VOLTAS.NS,ANUP.NS,SWELECTES.NS,KECL.NS,BEML.NS,DISAQ.NS,FOCUS.NS,SEALMATIC.BO,HINDWAREAP.NS,EIMCOELECO.NS,QUINT.NS,ALLTIME.NS,HBLENGINE.NS,STDBAT.BO,GUJRAFFIA.NS,BEMHY.BO,KCP.NS,TOTEM.BO,PRINCEPIPE.NS,CPL.BO,PANCARBON.BO,PLAZACABLE.NS,KROSS.NS,BLUESTARCO.NS,SMAUTO.BO,ALFAICA.BO,FRONTSP.NS,CROMPTON.NS,BBL.NS,INDIANCARD.NS,POLYCHMP.BO,SYSTEMATIC.BO,BALMLAWRIE.NS,HINDCOMPOS.NS,MBEL.NS,TARIL.NS,SWARAJENG.NS,RHIM.NS,DUNCANENG.BO,CMRGREEN.NS,MAHSCOOTER.NS,TEXRAIL.NS,DOMS.NS,SUBROS.NS,ARISINT.BO,AMDIND.NS,ALFREDHE.BO,MAMATA.NS,MAHEPC.NS,ALKOSIGN.BO,HORIZON.BO,KRANTI.BO,SAMKRG.BO,CEETAIN.BO,DCXINDIA.NS,LAKSELEC.BO,EKC.NS,REGENCERAM.NS,HITECHGEAR.NS,ASTRAL.NS,SUNCLAY.NS,FOSECOC.BO,SHANTIGEAR.NS,RUNGTAIR.BO,FINPIPE.NS,HIMTEK.BO,SBVCL.BO,ARCHIDPLY.NS,BONLON.NS,SUPREMEIND.NS,SHREMETAL.BO,SHARDAMOTR.NS,DHPIND.BO,BOMBWIR.BO,GRPLTD.NS,DUTRON.BO,RASANDIK.BO,SAMPANN.NS,VGUARD.NS,VSTTILLERS.NS,TOKYOPLAST.NS,FILTRA.BO,KAYCEEI.BO,STERTOOLS.NS,YUKEN.NS,EUREKAFORB.NS,INDOFARM.NS,INDAG.BO,CLENON.BO,INDCTST.BO,VAMSHIRU.BO,MAZDOCK.NS,DEFRAIL.BO,HAWAENG.BO,HONDAPOWER.NS,TRUECOLORS.BO,DALBHARAT.NS,UNIENTER.NS,UVDRHOR.BO,SALZERELEC.NS,BOROLTD.NS,HAVELLS.NS,STOVACQ.BO,GUJAPOLLO.NS,ESCORTS.NS,DELTAMAGNT.NS,DCMSHRIRAM.NS,TEXMOPIPES.NS,COCHINSHIP.NS,PRECAM.NS,DPWIRES.NS,ASHISHPO.BO,SHAKTIPUMP.NS,FLAIR.NS,BALUFORGE.NS,TRF.NS,ELEMARB.BO,GALLARD.BO,GGAUTO.BO,AMCOIND.BO,ALICON.NS,FORBESCO.BO,ATAM.NS,AFFORDABLE.NS,EPACK.NS,ZFSTEERING.NS,SWANAGRO.BO,WHBRADY.BO,RELICAB.BO,SALAUTO.BO,PANAENERG.BO,VJLAXMIE.BO,ZODIAC.NS,KASTURI.BO,SRIGEE.BO,ENKEIWHEL.BO,KPGEL.BO,TIL.NS,SYMPHONY.NS,CENLUB.BO,CHEMTECH.BO,CALCOM.BO,DLTNCBL.BO,ALFATRAN.BO,OSWALPUMPS.NS,WSI.NS,PROSTARM.NS,SINTERCOM.NS,RNITAI.BO,EPIC.BO,MARSONS.NS,FIBERWEB.NS,AEL.BO,LOYAL.BO,SOLIMAC.BO,HERCULES.BO,SOLEX.NS,GMMPFAUDLR.NS,SOMICONVEY.NS,ROLCOEN.BO,APTPACK.BO,VISHALBL.BO,RTSPOWR.BO,MEERA.BO,ORIRAIL.BO,ASIANTILES.NS,BRADYM.BO,RMC.NS,AARON.NS,SHILGRAVQ.BO,AHLADA.NS,ATVPR.BO,KRITI.NS,BAJAJINDEF.NS,ATIL.BO,REMSONSIND.NS,SKFINDIA.NS,RDEL.BO,ASGARD.BO,KARBON.BO,RAJOOENG.NS,GUJJUBHAI.BO,TRL.BO,DEL.BO,QRIL.BO,URAVIDEF.NS,COMRADE.BO,STAL.BO"
6,Miscellaneous,53,50,42,52,"GROWW.NS,ALTIUSINVIT.BO,PSTITANIA.BO,ASHIKA.NS,PSPLATINA.BO,CITIUSINVT.BO,ENERGYINF.BO,SCILAL.NS,SUMMITSEC.NS"
7,Distribution Services,52,47,50,49,"APPL.BO,SIMANDHAR.BO,SICAGEN.NS,RPTECH.NS,AVAX.BO,VEL.BO,RRMETAL.BO,PIPAN.BO,SBC.NS,AEGISLOG.NS,PANIDPR.BO,CCAL.BO,VEGA.BO,STARCOM.BO,COLAB.BO,RRPDEFENSE.BO,DRL.BO,CNL.NS,AGRIBIO.BO,BUILDPRO.NS,ATMAIND.BO,ADANIENT.NS,VOLKAI.BO,EFORU.BO,ALCHCORP.BO,AERPACE.BO,STALLION.NS,SPML.BO,SAMOR.BO,MARINE.NS,QMSMEDI.NS,BLACKROSE.NS,PALREDTEC.NS,OPTIEMUS.NS,ARYAVAN.BO,LLOYDSENT.NS,UNJHAFOR.BO,SAENTER.BO,LABELKRAFT.BO,VINCOFE.NS,REDINGTON.NS,ACEMEN.BO,DHOOTIN.BO,RAMAVISION.BO,IMPAL.NS,PURETROP.BO,EVERESTIND.NS,ABANSENT.NS,BRISK.BO,EMPIND.BO,ENTERO.NS,ADON.BO,THEJO.NS,EVERESTO.BO,GMDCLTD.NS,MERCURYEV.NS,MARBLE.BO,GEL.BO,SHARDACROP.NS,ADHHATA.BO,FRONTCORP.BO,HRYNSHP.BO,NVENTURES.BO,BMWVENTLTD.NS,BHAVIK.BO,KHAZANCHI.BO,UVS.BO,STCINDIA.NS,FRATELLI.BO,HEXATRADEX.NS,STANBIK.BO,TEGA.NS,PALCO.BO,VINYLINDIA.NS,CBPL.BO,KOTHARIPRO.NS,PARSHVA.BO,HMEML.BO,HALDER.NS,VERITAS.BO,ACCEDERE.BO,CONSTRONIC.BO,YSL.BO,APL.BO,EFCIL.NS,KTIL.BO,ANIKINDS.NS,TANVI.BO,CENTUPLE.BO,RONI.BO,SIMPLXPAP.BO,TCC.NS,SSDL.NS,YASHINNO.BO,SRD.NS,GLPL.BO,SHIVTEXCHEM.BO,SANBLUE.BO,SHREE.BO,AIHL.BO,SANINFRA.BO,AUREATE.BO,ROYAL.BO,GVL.BO,SEML.BO"
8,Energy Minerals,51,37,45,49,"PRABHAPP.BO,ANTELOPUS.NS,CHENNPETRO.NS,PROGREXV.BO,SOUTHWEST.NS,ASIANENE.NS,REFEX.NS,COALINDIA.NS,VOGL.NS,GULFPETRO.NS,OIL.NS,GNRL.NS,HINDOILEXP.NS,ONGC.NS,BHARATCOAL.NS,CASTROLIND.NS,GULFOILLUB.NS,HINDPETRO.NS,BPCL.NS,RELIANCE.NS,VEEDOL.NS,STRATMONT.BO,BHAGWOX.BO,PRABHA.NS,CONTPTR.BO"
9,Finance,49,51,47,47,"SALSAIN.BO,TANDHANIN.BO,ARIHANT.NS,KARTKIN.BO,RANJITSE.BO,ASIACAP.BO,HIKLASS.BO,STELLANT.BO,PHCAP.BO,PHOTON.BO,KREONFIN.BO,ONELIFECAP.NS,AMRAFIN.BO,ACFSL.BO,GDLLEAS.BO,VEDANTASSET.BO,IBULLSLTD.NS,SW1.BO,PAISALO.NS,KRISHNACAP.BO,VLL.BO,AXENTRA.BO,SATIN.NS,GCSL.NS,FUNDVISER.BO,LEXGLOBAL.BO,TFSL.BO,GALLOPENT.BO,CLFL.BO,KISSHT.NS,RRP.BO,SHARDUL.NS,DBSTOCKBRO.NS,WELINV.NS,SWRNASE.BO,VISTARAMAR.BO,TMB.NS,CITIPOR.BO,GRANDOAK.NS,CGCL.NS,CONSOFINVT.NS,SGFIN.NS,ANANDRATHI.NS,SSFLPP.BO,IFINSEC.BO,PIRAMALFIN.NS,SANGHVIMOV.NS,NUVAMA.NS,MANCREDIT.NS,HRMNYCP.BO,AYE.NS,BSE.NS,KESAR.BO,VGCL.BO,PURPLEFIN.BO,MCX.NS,TAMBOLIIN.NS,KTKBANK.NS,FEDERALBNK.NS,SURYODAY.NS,GALADAFIN.BO,VGIL.BO,FUSION.NS,SRMCL.BO,RAYMONDREL.NS,PRISMMEDI.BO,SASHWAT.BO,ESAFSFB.NS,REGENCY.BO,IFCI.NS,ZSARACOM.NS,DHRUVCA.BO,ANGELONE.NS,RBLBANK.NS,DHANBANK.NS,SOUTHBANK.NS,EQUITASBNK.NS,STARHEALTH.NS,GSBFIN.BO,MAHABANK.NS,ABCAPITAL.NS,BANDHANBNK.NS,WEWORK.NS,STEL.NS,GAMCO.BO,PHOENIXLTD.NS,SPANDANA.NS,AGIIL.NS,FEDDERSHOL.NS,EASUN.BO,CUB.NS,PAYTM.NS,ARMANFIN.NS,TFCILTD.NS,SHRIRAMFIN.NS,LTF.NS,UJJIVANSFB.NS,NUKLEUS.BO,ASHIANA.NS,INDBNK.BO,TRUSTEDGE.BO,MANAPPURAM.NS,GROVY.BO,OMAXE.NS,KARURVYSYA.NS,GYANDEV.BO,PESB.BO,ALSL.BO,PNBHOUSING.NS,AUSOMENT.NS,GARNET.BO,SHAREINDIA.NS,DCBBANK.NS,AUBANK.NS,SPACAPS.BO,SARTHAKGL.BO,AKCAPIT.NS,PRESTIGE.NS,RISHYRN.BO,ABHIFIN.BO,PRUDENT.NS,CREDITACC.NS,KICL.NS,GOWRALE.BO,RELIGARE.NS,BFINVEST.NS,OBEROIRLTY.NS,SBLI.BO,LANCORHOL.NS,CANHLIFE.NS,GEOJITFSL.NS,ICICIAMC.NS,ARSSBL.NS,LODHA.NS,DHARNI.BO,SMCGLOBAL.NS,AUTOINT.BO,FEDFINA.NS,RAJABAH.BO,CHOLAFIN.NS,5PAISA.NS,ANNAINFRA.BO,M&MFIN.NS,CAPITALSFB.NS,INDOSTAR.NS,GODREJPROP.NS,SRGHFL.NS,SAMMAANCAP.NS,UCIL.BO,GEECEE.NS,AADHARHFC.NS,SAFFRON.BO,IDFCFIRSTB.NS,MANBA.NS,SBIN.NS,BERYLSE.BO,CANFINHOME.NS,BAJFINANCE.NS,MAHLIFE.NS,IIFL.NS,HOMEFIRST.NS,YOGI.BO,IIFLCAPS.NS,NXST.BO,RAJKOTINV.BO,PNBGILTS.NS,UNIONBANK.NS,ASTALLTD.BO,IITLPROJ.BO,TATACAP.NS,FIVESTAR.NS,EDELWEISS.NS,AXISBANK.NS,TSFINV.NS,BANKINDIA.NS,PEOPLIN.BO,INDERGR.BO,SOBHA.NS,POONAWALLA.NS,APTUS.NS,MASKINVEST.NS,RPSGVENT.NS,INDIANB.NS,BIRET.BO,RAP.BO,EMBASSY.BO,LERTHAI.BO,DSINVEST.BO,VLSFINANCE.NS,SHRIRAMPPS.NS,MASFIN.NS,SKPSEC.BO,ICICIBANK.NS,LADDERUP.BO,SMARTWORKS.NS,RODIUM.BO,HDBFS.NS,BIRLAMONEY.NS,MAXESTATES.NS,REPCOHOME.NS,HDFCAMC.NS,TURTLEMINT.NS,AARNAV.NS,SANGAMFIN.BO,MADHUDIN.BO,CREST.NS,HEMIPROP.NS,TITANSEC.BO,INDPRUD.NS,EMKAY.NS,LICI.NS,PRIMEPRO.BO,DLF.NS,STARTECK.NS,QGO.BO,BAGMANE.BO,UNITDCR.BO,RFL.BO,LICHSGFIN.NS,KEMP.BO,IDBI.NS,KRT.BO,MERCANTILE.BO,KIRANVYPAR.NS,ARVSMART.NS,GANVERSE.BO,VAPIENTER.BO,THACKER.NS,MEHIF.BO,HUDCO.NS,PTL.NS,RRECL.BO,PFC.NS,DYNAVSN.BO,ELIXIR.BO,KOLTEPATIL.NS,PSCELESTIA.BO,INDIASHLTR.NS,GSLSEC.BO,360ONE.NS,KINETRU.BO,ADMANUM.BO,SALEM.BO,CAPFIN.BO,AIIL.NS,AAVAS.NS,ALGOQUANT.NS,BAJAJFINSV.NS,CDSL.NS,AASTAFIN.BO,VHL.NS,SAHARAHOUS.BO,PRIMIND.BO,TCIIND.BO,APOORVA.BO,ELDEHSG.NS,SBILIFE.NS,EMBDL.NS,FRUTION.BO,GICRE.NS,ASSAMENT.BO,ELNET.BO,RECLTD.NS,GOLECHA.BO,PURVA.NS,RSDFIN.NS,CANBK.NS,EMAMIREAL.NS,AFSL.NS,SOUTLAT.BO,DFL.BO,SAINIK.BO,SWATIPRO.BO,INDIQUBE.NS,PARAGONF.BO,PRIMESECU.NS,ICICIGI.NS,SONAL.NS,GODIGIT.NS,INDIAHOME.BO,CRESCENTIS.BO,WEALTH.NS,STANROS.BO,DBREALTY.NS,BAJAJHLDNG.NS,CRAMC.NS,UPSURGE.BO,SAHLIBHFI.NS,SHRIKRISH.NS,TATAINVEST.NS,KEYFINSERV.NS,SHVFL.BO,KOTAKBANK.NS,INDBANK.NS,ARYACAPM.BO,AVAILFC.BO,TEAMGTY.NS,CHRTEDCA.BO,ASITCFIN.BO,PNB.NS,QUESTCAP.BO,UCOBANK.NS,SVGLOBAL.BO,BLAL.NS,BANKBARODA.NS,SUNDARMFIN.NS,HDFCBANK.NS,PFS.NS,MASTERTR.NS,RRFIN.BO,CHOLAHLDNG.NS,SPCAPIT.BO,CEEJAY.BO,SBFC.NS,FINOPB.NS,GICHSGFIN.NS,SAUMYA.BO,ARYAMAN.BO,MARGOFIN.BO,LOTUSDEV.NS,BAJAJHFL.NS,ICDSLTD.NS,GANHOLD.BO,UTIAMC.NS,RTFL.BO,ABHICAP.BO,TREL.NS,WALLFORT.BO,LFIC.NS,YURANUS.BO,BRIGADE.NS,UNTTEMI.BO,DHANCOT.BO,CENTRALBK.NS,HARYNACAP.BO,RAMSONS.BO,RAPIDIN.BO,GOLDENTOBC.NS,GLANCE.BO,ARIHANTCAP.NS,DAULAT.BO,SITAENT.BO,AJMERA.NS,MANGALCOMP.BO,RATNABHUMI.BO,KGVL.BO,KJMCCORP.BO,SWAGTAM.BO,PILANIINVS.NS,BERVINL.BO,SIGNATURE.NS,WILLAMAGOR.NS,CSBBANK.NS,MARBU.BO,PURSHOTTAM.BO,CORALFINAC.NS,DOLATALGO.NS,HUBTOWN.NS,NSDL.BO,MANINFRA.NS,INDOTHAI.NS,RUSTOMJEE.NS,ESCORP.BO,KIFS.BO,RELICTEC.BO,SWASTIKA.BO,NSIL.NS,ACME.BO,CENTRUM.BO,STEELCITY.NS,ELCIDIN.NS,ARIHANTSUP.NS,SAKTHIFIN.BO,APOLLOFI.BO,CILSEC.BO,ICICIPRULI.NS,LAXMIINDIA.NS,RIKHAV.BO,MEDIASSIST.NS,MANRAJH.BO,SAICAPI.BO,MEAPL.BO,SILINV.NS,MANSIFIN.BO,PROZONER.NS,PHOENXINTL.BO,SODHACAP.BO,CROWN.NS,ABIRAFN.BO,TARC.NS,HBPOR.BO,DAMCAPITAL.NS,SUNTECK.NS,3PLAND.NS,CSLFINANCE.NS,PRITHVIEXCH.BO,SAMINDUS.BO,CITADEL.BO,IEX.NS,SBICARD.NS,GAJANANSEC.BO,HDFCLIFE.NS,1STCUS.BO,SUMEDHA.BO,THEINVEST.NS,21STCENMGM.NS,KJMCFIN.BO,SEEMAX.BO,EMERALD.BO,FINKURVE.NS,TARACHAND.NS,SHERVANI.BO,DEVX.NS,AMJLAND.NS,FUTURSEC.BO,CMSINFO.NS,IITL.NS,MARATHON.NS,PIONRINV.NS,TRILIANCE.BO,SRAMSET.BO,HBSL.NS,SUMIT.NS,ECOSMOBLTY.NS,TCFCFINQ.BO,UGROCAP.NS,SUPREME.NS,OSWALAGRO.NS,USHAKIRA.BO,CUPIDALBV.BO,SRSOLTD.BO,SYSTMTXC.NS,KEYCORP.BO,GOGIACAPGL.BO,AWFIS.NS,CMBL.BO,RAINBOWF.BO,MAHAPEXLTD.NS,ZMILGFIN.BO,LORDSMARK.BO"
10,Consumer Durables,48,50,44,46,"CALLISTA.BO,EMROCK.BO,ZELIO.BO,SHARP.BO,SJCORP.BO,CPPLUS.NS,THANGAMAYL.NS,ATHERENERG.NS,AIRLTD.BO,TAPARIA.BO,SKYGOLD.NS,BRRL.BO,APIL.BO,RETAGGIO.BO,SHOORA.BO,TIMEX.NS,TBZ.NS,TRITONV.BO,EIGHTY.BO,CARYSIL.NS,UNIVPHOTO.NS,GOLDIAM.NS,STOVEKRAFT.NS,KDDL.NS,SEKURITIND.BO,GOLKUNDIA.BO,GKL.BO,ATALREAL.NS,SANDHAR.NS,TTKPRESTIG.NS,SONAMLTD.NS,BUTTERFLY.NS,TITAN.NS,KHAITANLTD.NS,SENCO.NS,KVTOYS.BO,VAIBHAVGBL.NS,GANESHHOU.NS,SHRINGARMS.NS,SMLMAH.NS,OLECTRA.NS,RAMBHAJO.NS,TVSSRICHAK.NS,SILGO.NS,CERA.NS,TMCV.NS,ASAHIINDIA.NS,EICHERMOT.NS,BENGALASM.NS,RBZJEWEL.NS,IFBIND.NS,TVSMOTOR.NS,SHANTIGOLD.NS,PNGSREVA.NS,ANANTRAJ.NS,PRERINFRA.BO,ATULAUTO.NS,THAKDEV.NS,RGL.NS,CEATLTD.NS,UDAYJEW.BO,AJCJEWEL.BO,ARKADE.NS,RVHL.NS,LGEINDIA.NS,SKRABUL.BO,BANARBEADS.NS,OLAELEC.NS,MARUTI.NS,SHRISTI.BO,HEROMOTOCO.NS,HYUNDAI.NS,ORIENTELEC.NS,FORCEMOT.NS,SWARNSAR.BO,ALPINEHOU.BO,M&M.NS,EASTBUILD.BO,COSCO.BO,KOURA.BO,DOLFIN.BO,SINGERIND.NS,BALKRISIND.NS,APOLLOTYRE.NS,KOKUYOCMLN.NS,SAFARI.NS,LAOPALA.NS,KPT.BO,KRYPTONQ.BO,PRIMAPLA.BO,YAASHVI.BO,STUDDS.NS,RADHIKAJWE.NS,ATLASCYCLE.NS,SMR.BO,HARSHDEEP.BO,VARYAA.BO,AAIL.BO,STANLEY.NS,ARTNIRMAN.NS,WHIRLPOOL.NS,VIPIND.NS,TOLINS.NS,TEXELIN.BO,TIRUFOAM.BO,EY.BO,TMPV.NS,GORANIN.BO,PARSHWANA.BO,SIMPLXREA.BO,BELLACASA.NS,CELLO.NS,COROENGG.BO,BAJAJELEC.NS,ANSALBU.BO,LGHL.NS,LUXURY.BO,PRITI.NS,BCONCEPTS.NS,SEVL.BO,GOODYEAR.NS,BGDL.BO,RAJESHEXPO.NS,SPITZE.BO,LIOTECH.BO,MAPROIN.BO"
11,Process Industries,48,47,49,50,"APOLLOIN.BO,KETOMOTORS.BO,PARMSILK.BO,EASTSILK.NS,SPICEISLIN.BO,SHANTAI.BO,SANGINITA.NS,SHENTRA.BO,CDG.BO,RAJPALAYAM.NS,SKM.BO,CITURGIA.BO,RGIL.BO,SURBHIN.BO,TEJASSVI.BO,TRUEGREEN.BO,TULASEEBIOE.BO,SKMEGGPROD.NS,KELENRG.BO,GRWRHITECH.NS,INDOBORAX.NS,KANELIND.BO,SBECSUG.BO,CHEMIESYNT.BO,BALAMINES.NS,SPORTKING.NS,TIMESGREEN.BO,BEEZAASAN.BO,PRECOT.NS,RPEL.NS,CHEMBONDCH.NS,KANORICHEM.NS,RUBYMILLS.NS,CIANAGRO.BO,ARVIND.NS,ZKHANDEN.BO,DATIWARE.BO,BTTL.NS,OSWALOR.BO,AETHER.NS,MAYURUNIQ.NS,SUBAM.BO,SOTL.NS,RAIN.NS,ICIL.NS,FCL.NS,TIRTPLS.BO,ELFIN.BO,SVRL.BO,OMNITEX.BO,BETXIND.BO,SUNSHIEL.BO,PANAMAPET.NS,MEGASTAR.NS,CFL.BO,SOMATEX.NS,RIDDHI.BO,GRATEXI.BO,SANGAMIND.NS,HSCL.NS,HALDYNGL.NS,APCOTEXIND.NS,DCMSIL.NS,SHAILY.NS,PRIVISCL.NS,SUBSM.BO,SHAHLON.BO,VTL.NS,SFL.NS,RSWM.NS,MBAPL.NS,GANDHAR.NS,COMSYN.NS,GODREJIND.NS,XPROINDIA.NS,YUG.BO,RESONANCE.BO,KOTYARK.NS,BINNYMILLS.BO,GHCLTEXTIL.NS,RAYMOND.NS,SUNRAKSHAK.BO,TACENT.BO,SKPMIL.BO,SALGUTI.BO,BOROSCI.NS,GOCLCORP.NS,TRIVENI.NS,MCFL.BO,AYMSYNTEX.NS,ARCHITORG.BO,STHINPA.BO,SAYAJIIND.BO,APMIN.BO,DBOL.NS,ORBTEXP.NS,DHINDIA.BO,FILATEX.NS,KRISHANA.NS,PRABHATAM.BO,PREMEXPLN.NS,PASUPTAC.NS,TINNARUBR.NS,SOLARINDS.NS,SUPER.BO,SWADEIN.BO,GRINDWELL.NS,BORORENEW.NS,AMBIKCO.NS,TARSONS.NS,TATVA.NS,DAICHI.NS,VALSONQ.BO,SURYALA.NS,BALRAMCHIN.NS,LUDLOWJUT.BO,FAZE3Q.NS,ARROWGREEN.NS,AVADHSUGAR.NS,OCCLLTD.NS,PICCADIL.NS,AMARJOTHI.BO,TGIF.BO,VIPULORG.BO,RDGAIL.BO,HARRMALAYA.NS,ARMAN.BO,CARBORUNIV.NS,PLASTIBLEN.NS,CAMEXLTD.BO,BHAGERIA.NS,SHHARICH.BO,HARDCAS.BO,NPL.BO,BHAGCHEM.NS,KAMADGIRI.BO,GOKULAGRO.NS,GSPCROP.NS,AARTIIND.NS,KONARKSY.BO,GINNIFILA.NS,KINGFA.NS,DEEPAKFERT.NS,VISAKAIND.NS,CENTENKA.NS,SHRIDINE.BO,VISHNU.NS,SUMICHEM.NS,RIBATEX.BO,HOCL.BO,INDGELA.BO,INDIAGLYCO.NS,SUMEETINDS.NS,SHREEPUSHK.NS,MAHALIFE.BO,BNAGROCHEM.NS,POLYPLEX.NS,FLUOROCHEM.NS,ALKYLAMINE.NS,MARALOVER.NS,TPLPLASTEH.NS,DHAMPURE.BO,PONNIERODE.NS,WINSOMTX.BO,KNACK.NS,SKYIND.BO,TAINWALCHM.NS,RITESHIN.BO,TANFACIND.BO,AMIRCHAND.NS,KSSMART.BO,AVIVA.BO,OAL.NS,BHILSPIN.BO,RSCINT.BO,BBTCL.NS,GANGAPA.BO,SARLAPOLY.NS,KRISHIVAL.NS,BAIKAKAJI.BO,BORANA.NS,INDOKEM.BO,UNITEDPOLY.NS,DDEVPLSTIK.NS,DCMNVL.NS,PIDILITIND.NS,BEPL.NS,CHEMBOND.NS,ALKALI.NS,HARIKANTA.BO,ACSTECH.NS,SEJALLTD.NS,ICL.BO,SUDARSCHEM.NS,AMNPLST.NS,PASHUPATI.NS,SHINDL.NS,GOLDCOINHF.BO,BNALTD.NS,LINDEINDIA.NS,20MICRONS.NS,SUTLEJTEX.NS,COSMOFIRST.NS,BASML.NS,HPBL.BO,ANDHRSUGAR.NS,SURJIND.BO,FINEORG.NS,NUTECGLOB.BO,EPL.NS,WARRENTEA.BO,GOODRICKE.BO,ASIANPAINT.NS,MANORG.NS,FOSECOIND.NS,ASAHISONG.NS,GANESHBE.NS,SAPPL.NS,BARODARY.BO,SIYSIL.NS,HUHTAMAKI.NS,AVANTIFEED.NS,FAIRCHEMOR.NS,DEEPAKSP.BO,TUTIALKA.BO,SRDAPRT.BO,PBMPOLY.BO,PATELCHEM.BO,DHAMPURSUG.NS,MACIND.BO,INDIGOPNTS.NS,INDORAMA.NS,LAGNAM.NS,MANALIPETC.NS,GLOSTERLTD.NS,ELANTAS.NS,IGPL.NS,GANECOS.NS,SUPERBAK.BO,TEEAI.BO,LXCHEM.NS,PASUSPG.BO,EMAMIPAP.NS,ANDHRAPET.BO,OSIAJEE.BO,DALMIASUG.NS,GUJALKALI.NS,AKSHARCHEM.NS,KAMAHOLD.NS,HINDAPL.BO,KOTIC.NS,GNFC.NS,VIPPYSP.BO,PUNJABCHEM.NS,GOACARBON.NS,CLSEL.NS,CHEVIOT.NS,AERONEU.NS,SIMPLXMIL.BO,DAMODARIND.NS,GOKUL.NS,BANSWRAS.NS,KANDAGIRI.BO,AGI.NS,VINEETLAB.NS,DEEPAKNTR.NS,WORTHPERI.NS,SAMRATPH.BO,BEARDSELL.NS,KRONOX.NS,SHIVAMILLS.NS,KRBL.NS,PAUSHAKLTD.NS,GRAPHITE.NS,SPLPETRO.NS,AASTHA.NS,STYRENIX.NS,VIJSOLX.BO,KMSUGAR.NS,PARADEEP.NS,DWARKESH.NS,PCBL.NS,BI.NS,VIKRAMAR.BO,PHOSPHATE.BO,INDOAMIN.NS,NRAIL.NS,CLCIND.NS,WAAREE.BO,GOTHIPL.BO,ADVANCE.NS,ORIENTLTD.NS,VENKEYS.NS,ZUARI.NS,3BBLACKBIO.NS,IGCL.NS,SURYALAXMI.NS,GUJCONT.BO,SLSTLQ.BO,SHUBHAM.BO,SRF.NS,RUBFILA.NS,MAGADSUGAR.NS,MAFATIND.NS,TRUALT.NS,KNAGRI.NS,CHEMCON.NS,BANARISUG.NS,SALONA.NS,TNPL.NS,LAHOTIOV.NS,SHIVAAGRO.BO,TECHNICHEM.BO,TNPETRO.NS,DICIND.NS,GEMAROMA.NS,SANATHAN.NS,BERGEPAINT.NS,EMMBI.NS,SANTETX.BO,FACT.NS,HPCOTTON.BO,EASTINDIA.BO,KOTHARIPET.NS,BODALCHEM.NS,LAMBODHARA.NS,CHAMBLFERT.NS,DUROPACK.BO,BHASKAGR.BO,SIMRAN.BO,ULTRAMAR.NS,COROMANDEL.NS,ARROWHEAD.BO,HINDMILL.BO,PLATIND.NS,SRHHYPOLTD.NS,PAR.NS,RDBRL.BO,SURYAAMBA.BO,HARLETH.BO,RELCHEMQ.NS,UGARSUGAR.NS,BOMDYEING.NS,ROSSARI.NS,GARNETINT.BO,KRITINUT.NS,REGAAL.NS,DMCC.NS,TIERRA.BO,GMPL.BO,ACLD.BO,UFLEX.NS,ATUL.NS,SANPA.BO,PNTKYOR.BO,KANCHI.NS,RCF.NS,TGVSL.BO,GODAVARIB.NS,VTMLTD.BO,RAGHUSYN.BO,ZUARIIND.NS,DHANFAB.BO,GUJPETR.BO,LTFOODS.NS,DHARMAJ.NS,ARVEE.NS,TRIDENT.NS,PKTEA.NS,ARIES.NS,UTTAMSUGAR.NS,DECPO.BO,DYNAMIND.BO,UNISEM.BO,ECOPLAST.BO,HPIL.NS,BAPACK.BO,SELMC.NS,VALIANTORG.NS,SKYBIOTECH.BO,LAKSHMIMIL.BO,BLUECHIPT.BO,CLARA.BO,DIAMINESQ.NS,GINISILK.BO,AXELPOLY.BO,TYROON.BO,SIHORA.BO,POLYSPIN.BO,POONADAL.BO,WATERBASE.BO,ASTEC.NS,SAMBANDAM.BO,DONEAR.NS,SUNDROP.NS,TCMLMTD.BO,EIKO.BO,ASSOCIATED.BO,TIMETECHNO.NS,ROML.NS,VGL.NS,TATACHEM.NS,SUNILAGR.BO,LKMEHTA.BO,ABRIL.BO,SIRCA.NS,POLSON.BO,MANOMAY.NS,RAMANEWS.NS,KATRSPG.BO,BSL.NS,KANSAINER.NS,ACI.NS,RAJPACK.BO,OLYMPTX.BO,GODREJAGRO.NS,AIMCOPEST.BO,VICTMILL.BO,DHUNINV.NS,BASF.NS,ZENIFIB.BO,ABREL.NS,SUDARCOLOR.NS,KLRFM.BO,PREMCO.NS,DTIL.NS,MADRASFERT.NS,AREXMIS.BO,PODDARMENT.NS,INDSUCR.BO,EVERFIN.BO,YORKEXP.BO,GSFC.NS,AWL.NS,VINYOFL.BO,VAHH.BO,SRINACHA.BO,PGFOILQ.BO,AARTISURF.NS,STARPAPER.NS,ELLEN.NS,UPL.NS,VINATIORGA.NS,CHEMCRUX.BO,DIGJAMLMTD.NS,KINGSINFR.BO,MALUPAPER.NS,ESTER.NS,LOYALTEX.NS,RAJSREESUG.NS,AICHAMP.BO,POLYCHEM.BO,SHIVATEX.NS,KOTARISUG.NS,VOITHPAPR.BO,EXCELINDUS.NS,AGARIND.NS,KSCL.NS,BAJAJST.NS,ANDHRAPAP.NS,SIGIND.NS,DHANROTO.BO,VITAL.NS,LAKESHORE.BO,RISHIROOP.BO,RAMAPHO.NS,POEL.BO,DHANUKA.NS,LAFFANSQ.BO,AMBARPIL.BO,PDMJEPAPER.NS,ASHNOOR.BO,SHREERAMA.NS,AMAL.BO,VPL.BO,SPIC.NS,HINDADH.BO,HINDTIN.BO,RALLIS.NS,PRABHHANS.BO,RUCHIRA.NS,CLEAN.NS,DCW.NS,LINKPH.BO,TRANSPEK.NS,MARIS.BO,LORDSCHLO.NS,CAMLINFINE.NS,MEHUL.BO,SESHAPAPER.NS,AGROPHOS.NS,KITEX.NS,AGRITECH.NS,KSE.BO,KIRIINDUS.NS,LAKHOTIA.BO,WEIZMANIND.NS,SIEL.BO,EIDPARRY.NS,YASHCHEM.BO,DEEP.BO,GOKAKTEX.BO,CAPRIHANS.BO,SPTRSHI.BO,RISHITECH.BO,HIMATSEIDE.NS,BAYERCROP.NS,HISARSP.BO,GANESHCP.NS,CFEL.BO,GUJCRAFT.BO,MANIVENI.BO,SHRJAGP.BO,PCL.BO,KUANTUM.NS,SHETR.BO,THREEMPAPE.BO,HILLTONE.BO,PATANJALI.NS,BRIGHTBR.BO,GHCL.NS,PICCASUG.BO,WIREFABR.BO,SWADPOL.BO,SHALPAINTS.NS,EPIGRAL.NS,BSHSL.NS,CHEMFAB.NS,SATIA.NS,KGPETRO.BO,ADDIND.BO,PERFEPA.BO,PIIND.NS,INDOUS.NS,FISCHER.NS,DHANLAXMI.NS,HINDUST.BO,HERANBA.NS,BALAJEE.NS,AEONXDIGI.BO,ARCL.BO,SHREYANIND.NS,KANCOTEA.BO,SHK.NS,ANIRIT.BO,ZBINTXPP.BO,RACE.NS,SULA.NS,RETINA.BO,TIRUMALCHM.NS,GLEN.BO,KEMISTAR.BO,CHEMPLASTS.NS,DEEPAKCHEM.BO,GRAUWEIL.NS,SHANTIDENM.BO,BHARATRAS.NS,SRTL.NS,DCMSRIND.NS,DAIKAFFI.BO,CANDOUR.BO,PIOTEX.BO,RESGEN.BO,KHAICHEM.NS,SPARKLEGR.BO,GRMOVER.NS,SHIVALIK.NS,BHUDEVI.BO,PAKKA.NS,RAJKSYN.BO,ZR2.BO,YASHHTEJ.BO,YAJUR.BO,ARL.BO,LELAVOIR.BO,TTFL.BO,BCCL.BO"
12,Transportation,47,50,48,46,"DESIFARMS.BO,SHREEJISPG.NS,AFCOM.BO,PPARIVAH.BO,CARGOSOL.BO,MAHESHWARI.NS,GLOBALLOG.BO,TAALTECH.NS,DREDGECORP.NS,REPONO.BO,ADANIPORTS.NS,AEGISVOPAK.NS,GESHIP.NS,GMRAIRPORT.NS,TVSSCS.NS,SCI.NS,COASTCORP.NS,DELHIVERY.NS,FORINTL.BO,RITCO.NS,OMFREIGHT.NS,GKWLIMITED.NS,MAHLOG.NS,SICALLOG.NS,AVG.NS,SVLL.NS,GLOTTIS.NS,ASPINWALL.NS,SINDHUTRAD.NS,SILL.BO,INDIGO.NS,GATEWAY.NS,SANCTRN.BO,FLOMIC.BO,OBCL.NS,GPPL.NS,CONCOR.NS,TRANSVOY.BO,TCIEXP.NS,RIDDHICORP.BO,BLUEDART.NS,TIGERLOGS.NS,PRIMEFRESH.BO,DHILLON.BO,TCI.NS,AWHCL.NS,WCIL.NS,ABCINDQ.BO,VRLLOG.NS,COARO.BO,STARLOG.BO,CARGOTRANS.BO,TRANSWORLD.NS,TOTAL.NS,SWIGGY.NS,PSPL.BO,GEMENVIRO.BO,BLT.BO,HILINFRA.NS,DREAMFOLKS.NS,SUNSKY.BO,GBLOGISTIC.BO"
13,Commercial Services,46,45,49,45,"SMTEL.BO,MAXGROW.BO,HYPERSOFT.BO,MAGNUS.BO,CMPDI.NS,BLUSPRING.NS,AMALGAM.BO,KAPSTON.NS,SAILIFE.NS,ONEGLOBAL.BO,HILIKS.BO,SIGNPOST.NS,ESHAMEDIA.BO,SIS.NS,QUESS.NS,GLOBAL.NS,ICON.BO,SUPRAPFSL.BO,AMITSEC.BO,AARVI.NS,QLL.BO,VERANDA.NS,IKS.NS,GBLINFRA.BO,MAJESAUT.NS,DJML.NS,SEIL.NS,GTECJAINX.NS,PWL.NS,MACHLTD.BO,GOLDENCREST.BO,TECHKGREEN.BO,CHOICEIN.NS,TCPLPACK.NS,ONEPOINT.NS,CAPRO.BO,EXHICON.BO,KRYSTAL.NS,VIMTALABS.NS,CARERATING.NS,CONCORDBIO.NS,POPEES.BO,ASTAR.NS,WALCHPF.BO,AXISCADES.NS,BRIGHT.BO,HGS.NS,DECOMIC.BO,TRANSCOR.BO,UDS.NS,IGIL.NS,ECLERX.NS,WSFX.BO,BLIL.NS,ASIAPAK.BO,ACCELERATE.BO,ALLDIGI.NS,FUTSOL.BO,APTECHT.NS,RITES.NS,PRODOCS.BO,SAGILITY.NS,TEAMLEASE.NS,MAPMYINDIA.NS,RKSWAMY.NS,ADL.NS,FSL.NS,CHOKSILA.BO,BNRUDY.BO,UNICK.BO,EMIAC.BO,ASIAN.BO,WEWIN.NS,ICRA.NS,LIKHAMI.BO,AARTECH.NS,EMERGENT.BO,SUGALDAM.BO,CPEDU.NS,CLEDUCATE.NS,REPRO.NS,LTTS.NS,LATENTVIEW.NS,PML.NS,DIGITIDE.NS,DGCONTENT.NS,SYNGENE.NS,SNOWMAN.NS,PROCLB.BO,RTNINDIA.NS,TOUCHWOOD.NS,RADIANTCMS.NS,ICONIKSPEV.BO,VISVEN.BO,KGES.BO,SSL.BO,NSBBPO.BO,ADCOUNTY.BO,AEIM.BO,PANHR.BO,TTC.BO,VERTOZ.NS,ALPHALOGIC.BO,CASPIAN.BO,CHTR.BO"
14,Utilities,46,42,46,50,"ADANIENSOL.NS,SGMART.NS,ADANIGREEN.NS,ADANIPOWER.NS,CLEANMAX.NS,SUGSLLOYD.BO,RELTD.NS,RAJSEC.BO,ATGL.NS,TEXINFRA.NS,ANANDPROJ.BO,PACEDIGITK.NS,TORNTPOWER.NS,GAIL.NS,PTC.NS,GIPCL.NS,UEL.NS,POWERGRID.NS,WAAREERTL.NS,VEDPOWER.NS,PETRONET.NS,NTPC.NS,TATAPOWER.NS,CESC.NS,NTPCGREEN.NS,RUDRAGAS.BO,OMPOWER.NS,KPIGREEN.NS,KPEL.NS,RCCL.BO,SJVN.NS,WAA.BO,IGL.NS,EKI.BO,GITARENEW.BO,SWANCORP.NS,KARMAENG.NS,GUJENERGY.NS,RELINFRA.NS"
15,Non-Energy Minerals,46,40,41,44,"GLITTEKG.BO,MEGAMONT.BO,RAPICUT.BO,PARMESHWAR.BO,COCKERILL.NS,NRL.NS,STEELCO.BO,CRIMSON.BO,SALSTEEL.NS,SCBL.BO,VIDYAWIRES.NS,VISL.NS,DECNGOLD.NS,REMAGNET.BO,STYLAMIND.NS,SBCL.NS,SCANSTL.NS,SSWRL.BO,MAHASTEEL.NS,WELSPLSOL.NS,ARFIN.NS,HRS.BO,GOODLUCK.NS,SHIVAM.BO,REMIEDEL.BO,VENUSPIPES.NS,COSMICCRF.BO,ECOBOAR.BO,RALEGRA.BO,PREMIERPOL.NS,LLOYDSME.NS,KAMDHENU.NS,MANAKSTEEL.NS,SUNFLAG.NS,ELECTHERM.NS,RAMCOIND.NS,STEELCAS.NS,BMW.BO,KSL.NS,IMFA.NS,MANAKALUCO.NS,MANGLMCEM.NS,HINDCOPPER.NS,POCL.NS,RHETAN.NS,KIRLOSIND.NS,SGIL.NS,RATNAVEER.NS,SERA.BO,HINDALCO.NS,GRASIM.NS,ASHAPURMIN.NS,VSSL.NS,SOBME.BO,SAMBHV.NS,TALBROSENG.BO,SAIL.NS,WIPL.NS,MAITRI.BO,RSL.NS,HARIOMPIPE.NS,GRAVITA.NS,SAHYADRI.NS,RATNAMANI.NS,SHAHALLOYS.NS,GREENLAM.NS,MANAKCOAT.NS,HINDALUMI.BO,GANDHITUBE.NS,SHBAJRG.NS,TIINDIA.NS,MAIDEN.BO,PANCHMAHQ.BO,VISACHROME.NS,KANSHST.BO,KIRLFER.NS,ALUFLUOR.BO,RESPONIND.NS,NSLNISP.NS,KVSCASTING.BO,TATASTEEL.NS,GPIL.NS,KIOCL.NS,ORIENTCER.NS,BGWTATO.BO,GALLANTT.NS,UMIYA.BO,SANDUMA.NS,NUVOCO.NS,HINDZINC.NS,VRUDDHI.BO,BANSALWIRE.NS,SUPERIRON.BO,BVCL.NS,BLOIN.BO,VASWANI.NS,APLAPOLLO.NS,GUJINTRX.BO,SHREECEM.NS,CREATIVE.BO,MAHSEAMLES.NS,BEEKAY.NS,ULTRACEMCO.NS,MAITHANALL.NS,VRAJ.NS,INDIACEM.NS,SARDAEN.NS,VESUVIUS.NS,SURAJ.BO,SURYAROSNI.NS,SCODATUBES.NS,VAML.NS,HITECH.NS,SHREDIGCEM.NS,MCL.NS,HISARMETAL.NS,MANAKSIA.NS,STARCEMENT.NS,COCHINM.BO,RAMCOCEM.NS,AIROLAM.NS,CHROME.BO,HEIDELBERG.NS,PENIND.NS,BIRLACORPN.NS,MADHAV.NS,MAANALU.NS,EUROBOND.NS,DIVSHKT.BO,INCREDIBLE.NS,PACIFICI.BO,PRAKASH.NS,KRUPALU.BO,ELECTCAST.NS,BEDMUTHA.NS,AROGRANITE.NS,ASSOCER.BO,SAGCEM.NS,BIGBLOC.NS,SRECR.BO,RISHDIGA.BO,AMBUJACEM.NS,UNIAUTO.BO,SOUTHMG.BO,ACC.NS,VSTL.NS,HPAL.NS,CUBEXTUB.NS,PRSMJOHNSN.NS,INDSILHYD.BO,APCL.NS,GREENPANEL.NS,ZWELCAST.BO,ZODJRDMKJ.BO,SHRDAIS.BO,SMLT.NS,ORISSAMINE.NS,SURAJLTD.NS,CHENFERRO.BO,ORIENTCEM.NS,VMSTMT.NS,METALCO.BO,GARGFUR.BO,ACL.NS,PANCM.BO,ARENTERP.NS,SHARVAYA.BO,ANUBHAV.BO,DECCANCE.NS,AZADIND.BO,BIRLANU.NS,INDOBELL.BO,SAURASHCEM.NS,SIYARAM.BO,KANISHK.BO,DUROPLY.BO,SKCIL.BO,KEERTHI.BO,SRICC.BO,SUDAI.BO,SAMPAT.BO,IMEC.BO,VEDL.NS,GSLSU.NS"
16,Consumer Non-Durables,45,46,45,46,"CUPID.NS,SHAHFOOD.BO,VIVAA.BO,YASHO.NS,BAJAJCON.NS,APIS.BO,CHMBBRW.BO,ATVOENT.BO,SCPL.NS,RACHIT.BO,SPAL.NS,ADFFOODS.NS,OVOBELE.BO,IBINFO.BO,ESSEX.BO,SHAWGELTIN.BO,VADILALIND.NS,RADICO.NS,PGIL.NS,APEX.NS,EIFFL.NS,TRANSFD.BO,UNIVSTAR.BO,HIPOLIN.BO,WELSPUNLIV.NS,CCL.NS,BIZOTIC.BO,ANJANIFOODS.BO,ZYDUSWELL.NS,ABDL.NS,SANSTAR.NS,MCLEODRUSS.NS,MAWANASUG.NS,GAEL.NS,KPRMILL.NS,DIAMONDYD.NS,GULPOLY.NS,PDSL.NS,SPENTA.BO,GOKEX.NS,KWIL.NS,MARICO.NS,PAJSON.BO,MANORAMA.NS,TERAI.BO,SCAGRO.BO,SKIEL.BO,VARDHACRLC.NS,CRAZY.BO,TASTYBITE.NS,AAYUSHBULL.BO,DAVIN.BO,LYKISLTD.BO,BCLIND.NS,HNDFDS.NS,UNITDSPR.NS,AVTNPL.NS,TI.NS,ADVENZYMES.NS,GPAPL.BO,IFBAGRO.NS,ACKNIT.BO,RELAXO.NS,WELTI.BO,PAGEIND.NS,THOMASCOTT.NS,LEHAR.BO,CHATHA.BO,VBL.NS,RUPA.NS,SINNAR.BO,TIRUSTA.BO,CANTABIL.NS,SUNILTX.BO,LUXIND.NS,STDSFAC.BO,HATSUN.NS,PAOS.BO,GMBREW.NS,TATACONSUM.NS,FIL.BO,VIRATCRA.BO,KKCL.NS,BENGALT.BO,VADILENT.BO,SUKHJITS.NS,SUPERHOUSE.NS,RAVALSUGAR.BO,BIL.NS,GALAXYSURF.NS,VASUPRADA.BO,ACTIVE.BO,COLPAL.NS,LINC.NS,SARUPINDUS.BO,GLOBUSSPR.NS,LOVABLE.NS,VSTIND.NS,UNITEDTEA.NS,GROBTEA.NS,BIKAJI.NS,SPLIL.NS,KFBL.BO,HINDUNILVR.NS,DABUR.NS,GODREJCP.NS,BRITANNIA.NS,TIGLOB.BO,GILLETTE.NS,PARAGMILK.NS,CHORDIA.BO,DODLA.NS,TUSALDAH.BO,BAMBINO.BO,VIDHIING.NS,ZODIACLOTH.NS,ORKLAINDIA.NS,AMWILL.BO,FLEXFO.BO,OCEANIC.BO,LIBERTSHOE.NS,SSMD.BO,AVEER.BO,MALLCOM.NS,INDTERRAIN.NS,SCOOBEEDAY.BO,BBTC.NS,CAMPUS.NS,GODFRYPHLP.NS,PCCOSMA.BO,EMAMILTD.NS,DYNPRO.NS,ORIBEVER.BO,GANGESSECU.NS,PALASHSECU.NS,GILLANDERS.NS,KSR.NS,FOODSIN.NS,VANDU.BO,ZENITHEXPO.NS,GOPAL.NS,UBL.NS,DVL.NS,NTCIND.BO,ASALCBR.NS,SHRIGANG.BO,THRIVE.BO,DOLLAR.NS,RADIXIND.BO,GOCOLORS.NS,SILVOAK.BO,MANBRO.BO,HERITGFOOD.NS,NSL.BO,LOTUSCHO.BO,UNIQUEO.BO,PGHH.NS,BECTORFOOD.NS,RAYMONDLSL.NS,BATAINDIA.NS,VALENCIA.BO,KAYA.NS,RIYAASAT.BO,VASHISHTHA.BO,SONALIS.BO,RAVEL.BO,KHADIM.NS,VIRAT.BO,SDBL.NS,SVJ.BO,BANG.NS,RFIL.BO,VANDAN.BO,CEENIK.BO,GPSL.BO,ABCOTS.NS,ABRFL.BO"
17,Industrial Services,44,49,49,48,"CEMPRO.NS,GVPIL.NS,CRYOGENIC.BO,KRISHNA.BO,BRAHMINFRA.BO,WABAG.NS,GOELCONS.BO,LLOYDSENGG.NS,SAB.BO,UNIVASTU.NS,TELGE.BO,ACMESOLAR.NS,PSPPROJECT.NS,EPACKPEB.NS,VINDHYATEL.NS,BGRENERGY.NS,TRISHAKT.BO,CEIGALL.NS,SEAMECLTD.NS,WELENT.NS,GENUSPRIME.BO,CFF.BO,BANKA.NS,OML.BO,SCANPRO.BO,SUYOG.NS,EKANSH.BO,SHRICON.BO,GARUDA.NS,GTV.BO,DESCO.BO,UNIDT.NS,ECORECO.BO,SWSOLAR.NS,LIKHITHA.NS,BLKASHYAP.NS,KPIL.NS,PFL.BO,SIMPLEXINF.NS,BRGIL.BO,DENTA.NS,ENGINERSIN.NS,MARKOLINES.NS,VVIPIL.BO,GPTINFRA.NS,EIEL.NS,KAUSHALYA.NS,CONART.BO,BFUTILITIE.NS,POWERMECH.NS,DEEPINDS.NS,EMSLIMITED.NS,FAALCON.BO,PNCINFRA.NS,BCPL.NS,AKASH.NS,GKENERGY.NS,LT.NS,PATELENG.NS,IL&FSENGG.NS,PRAJIND.NS,DOLPHIN.NS,BAJEL.NS,SRM.NS,AHLUCONT.NS,SCDL.BO,RIIL.NS,SPMLINFRA.NS,OVAL.BO,RVTH.NS,TARMAT.NS,ORGANICREC.BO,RJSHAH.BO,GENCON.NS,GMRP&UI.NS,HECPROJECT.NS,COCHMAL.BO,OILCOUNTUB.NS,GRINFRA.NS,ATLANTAA.NS,PIGL.NS,ARTEFACT.BO,VIKRAN.NS,DBL.NS,CEINSYS.NS,SUPREMEINF.NS,OMINFRAL.NS,CAPACITE.NS,ABMINTLLTD.NS,VIVIANA.NS,SOLARWORLD.NS,TECHNOE.NS,ALPHAGEO.NS,KNRCON.NS,VSFPROJ.BO,TRANSRAILL.NS,GARWAOFFS.BO,VALPLAST.BO,REFEXRENEW.BO,BONDADA.BO,MBLINFRA.NS,ASHOKA.NS,SGFRL.BO,SHRADHA.NS,CEWATER.NS,SURAJEST.NS,AFCONS.NS,GLOBALVECT.NS,HGINFRA.NS,RAJESH.BO,RAMKY.NS,GLOBECIVIL.NS,KEC.NS,RVNL.NS,VASCONEQ.NS,RPPINFRA.NS,ADVENTHTL.NS,KRRAIL.BO,DMR.BO,RAUNAQ.BO,DHRUV.NS,REPL.NS,RKEC.NS,VPRPL.NS"
18,Retail Trade,43,49,45,46,"DUKEOFS.BO,CONFIPET.NS,ROBU.BO,HONASA.NS,ALANSCOTT.BO,AVL.NS,NYKAA.NS,VPAL.BO,EMIL.NS,HEALTHX.NS,RAL.BO,MEESHO.NS,BLUESTONE.NS,KALYANKJIL.NS,VMART.NS,PANORAMA.BO,REDTAPE.NS,PATELRMART.NS,V2RETAIL.NS,CRAVATEX.BO,LANDMARK.NS,STYLEBAAZA.NS,SREEL.NS,ETHOSLTD.NS,SHOPERSTOP.NS,ARVINDFASN.NS,MEDPLUS.NS,COMPEAU.BO,MCPL.BO,CITYSQUARE.BO,PNGJL.NS,DMART.NS,DPABHUSHAN.NS,VMM.NS,TRENT.NS,TRADEUNO.BO,INDIAMART.NS,SHANKARA.NS,ABFRL.NS,SPENCERS.NS,PVSL.NS,RECODE.BO,HIRAUTO.BO,LOGICA.BO,ABLBL.NS,UML.BO,WAKEFIT.NS,ACML.BO,GARGI.BO,FIRSTCRY.NS,MANYAVAR.NS,MARCLOIRE.BO,MANOJJEWEL.BO,ZAPPFRESH.BO,KIAASA.BO"
19,Consumer Services,40,50,43,39,"TRADWIN.BO,AHLWEST.NS,IDREAM.BO,UFBL.NS,SAYAJIHOTL.NS,RASRESOR.BO,SHILINDORE.BO,TIPSMUSIC.NS,SAREGAMA.NS,CORDELIA.NS,HMVL.NS,PFOCUS.NS,ORIENTHOT.NS,THELEELA.NS,HTMEDIA.NS,HBESD.NS,SPECIALITY.NS,SHEMAROO.NS,MACH.BO,YAANENT.BO,ZEEL.NS,TRAVELFOOD.NS,DACHEPALLI.BO,GRAVISSHO.NS,INDHOTEL.NS,BENARAS.BO,SHPLPUNE.BO,RBA.NS,SAVERA.BO,CHALET.NS,PVRINOX.NS,VHLTD.NS,EASTRED.BO,CPCAP.NS,PARKHOTELS.NS,AJWAFUN.BO,COFFEEDAY.NS,APOLSINHOT.NS,EIHOTEL.NS,HELLOJI.BO,TAJGVK.NS,ASIANHOTNR.NS,DELTACORP.NS,AHLEAST.NS,EIHAHOTELS.NS,UFO.NS,BLUECOAST.NS,SAMHI.NS,DEN.NS,ADVANIHOTR.NS,SANDESH.NS,BALAJITELE.NS,UPHOT.BO,POOJAENT.BO,VENTIVE.NS,IMAGICAA.NS,BOMBCYC.BO,TVTODAY.NS,SINCLAIR.NS,YATRA.NS,BRIGHOTEL.NS,DBCORP.NS,CINELINE.NS,WESTLIFE.NS,KAMATHOTEL.NS,LEMONTREE.NS,GUJHOTE.BO,SCHAND.NS,DEVYANI.NS,CINDHO.BO,SUNTV.NS,ENIL.NS,WONDERLA.NS,SAPPHIRE.NS,GFLLIMITED.NS,VJTFEDU.BO,CHLLTD.BO,RAYALEMA.BO,PECOS.BO,ROHLTD.NS,RHL.NS,EMERALL.BO,THOMASCOOK.NS,TIPSFILMS.NS,HBGHOTELS.BO,LGT.BO,KAMATS.BO,PGCRL.BO,BYKE.NS,GTTDATA.BO,EVANS.BO,ESPIRE.BO,AQYLON.NS,UHMVL.BO,CPML.BO"
20,Technology Services,40,46,45,38,"SESHACHAL.BO,COVANCE.BO,STLTECH.NS,SIGMAADV.NS,AXISOL.BO,SANCODE.BO,AMRAPLIN.BO,RAMCOSYS.NS,BENCHMARK.BO,EXATO.BO,SHADOWFAX.NS,EBGNG.NS,BBOX.NS,AMAGI.NS,RATEGAIN.NS,OMEGAIN.BO,E2E.NS,BLSE.NS,SASKEN.NS,ASMTEC.BO,CARTRADE.NS,LOKESHMACH.NS,OFSS.NS,GSTL.BO,AURUM.NS,PANSARI.NS,SATTRIX.BO,STYL.NS,ABSLAMC.NS,RELIABLE.NS,ACEALPHA.BO,SOFTTECH.NS,GOLDTECH.NS,DSSL.NS,DANLAW.BO,ZENTEC.NS,TATATECH.NS,ATISHAY.BO,DCM.NS,DATAMATICS.NS,TERASOFT.NS,CWD.BO,ARIGATO.BO,TBOTEK.NS,BHARATROHAN.BO,NPST.NS,ETERNAL.NS,SAKSOFT.NS,SECMARK.NS,CAMS.NS,BLACKBUCK.NS,UNIFIED.BO,TANLA.NS,AMPVOLTS.BO,KRATIKAL.BO,COFORGE.NS,PVP.NS,VEEFIN.BO,AAATECH.NS,PURPLEWAVE.BO,SENINFO.BO,TECHM.NS,FRACTAL.NS,ONWARDTEC.NS,63MOONS.NS,SILVERTUC.NS,MADALA.BO,IDENTIXWEB.BO,CYBERTECH.NS,PRARUH.BO,POLICYBZR.NS,KSOLVES.NS,GENESYS.NS,SONATSOFTW.NS,ERPSOFT.BO,CONTCHM.BO,URBANCO.NS,CSM.NS,7TEC.BO,PERSISTENT.NS,ACEENGITEC.BO,AFFLE.NS,XTGLOBAL.NS,UNITEDINT.BO,HEXT.NS,CNINFOTECH.BO,7SEASL.BO,MATRIMONY.NS,CRISIL.NS,HAPPSTMNDS.NS,MASTEK.NS,PROTEAN.NS,EXPLEOSOL.NS,CAPILLARY.NS,WORKMATES.BO,ORIENTTECH.NS,ACCELYA.NS,KFINTECH.NS,ADSL.NS,TRIGYN.NS,NOVUS.BO,XCHANGING.NS,HGM.NS,ABMKNO.NS,MEGRISOFT.BO,CTE.NS,MCLOUD.NS,NUCLEUS.NS,AURIONPRO.NS,AHASOLAR.BO,ARIS.NS,SIGMA.NS,WESTLEIRES.BO,EMUDHRA.NS,DEVIT.NS,EXCELSOFT.NS,GHVINFRA.BO,LTM.NS,CYIENT.NS,XELPMOC.NS,ZENSARTECH.NS,ATHENAGLO.BO,ICODEX.BO,EUPHORIAIT.BO,AUSTERE.BO,HCLTECH.NS,SAFE.BO,TCS.NS,UNIECOM.NS,CRIZAC.NS,WIPRO.NS,BLS.NS,BSOFT.NS,QUICKHEAL.NS,RSYSTEMS.NS,PINELABS.NS,TREJHARA.NS,TRACXN.NS,RSSOFTWARE.NS,TATAELXSI.NS,METAINFO.BO,HCKKVENTURE.BO,ZAGGLE.NS,EKENNIS.BO,INDAGIV.BO,CGVAK.BO,ODYSSEY.BO,SAGARSOFT.BO,RAMINFO.BO,CURAA.NS,TECHNVISN.NS,KPITTECH.NS,ACESOFT.BO,LOGICIEL.BO,ACESEPP.BO,OLATECH.BO"
21,Communications,37,49,53,31,"ONMOBILE.NS,TATACOMM.NS,BHARTIARTL.NS,BHARTIHEXA.NS,ROUTE.NS,RAILTEL.NS,TTML.NS,STML.BO,GTPL.NS"
